state,year,name,sex,count,rank_within_sex,per_100k_within_sex
US,1880,Mary,F,7065,1,7764.4
US,1880,John,M,9655,1,8738.3
US,1880,Anna,F,2604,2,2861.8
US,1880,William,M,9531,2,8626.1
US,1880,Emma,F,2003,3,2201.3
US,1880,James,M,5927,3,5364.3
US,1880,Elizabeth,F,1939,4,2131.0
US,1880,Charles,M,5348,4,4840.3
US,1880,Minnie,F,1746,5,1918.9
US,1880,George,M,5126,5,4639.3
US,1880,Margaret,F,1578,6,1734.2
US,1880,Frank,M,3242,6,2934.2
US,1880,Ida,F,1472,7,1617.7
US,1880,Joseph,M,2632,7,2382.1
US,1880,Alice,F,1414,8,1554.0
US,1880,Thomas,M,2534,8,2293.4
US,1880,Bertha,F,1320,9,1450.7
US,1880,Henry,M,2444,9,2212.0
US,1880,Sarah,F,1288,10,1415.5
US,1880,Robert,M,2415,10,2185.7
US,1881,Mary,F,6919,1,7524.5
US,1881,John,M,8769,1,8704.3
US,1881,Anna,F,2698,2,2934.1
US,1881,William,M,8524,2,8461.1
US,1881,Emma,F,2034,3,2212.0
US,1881,James,M,5441,3,5400.9
US,1881,Elizabeth,F,1852,4,2014.1
US,1881,George,M,4664,4,4629.6
US,1881,Margaret,F,1658,5,1803.1
US,1881,Charles,M,4636,5,4601.8
US,1881,Minnie,F,1653,6,1797.7
US,1881,Frank,M,2834,6,2813.1
US,1881,Ida,F,1439,7,1564.9
US,1881,Joseph,M,2456,7,2437.9
US,1881,Annie,F,1326,8,1442.0
US,1881,Henry,M,2339,8,2321.7
US,1881,Bertha,F,1324,9,1439.9
US,1881,Thomas,M,2282,9,2265.2
US,1881,Alice,F,1308,10,1422.5
US,1881,Edward,M,2177,10,2160.9
US,1882,Mary,F,8148,1,7555.1
US,1882,John,M,9557,1,8406.5
US,1882,Anna,F,3143,2,2914.3
US,1882,William,M,9298,2,8178.7
US,1882,Emma,F,2303,3,2135.4
US,1882,James,M,5892,3,5182.7
US,1882,Elizabeth,F,2186,4,2026.9
US,1882,George,M,5193,4,4567.8
US,1882,Minnie,F,2004,5,1858.2
US,1882,Charles,M,5091,5,4478.1
US,1882,Margaret,F,1821,6,1688.5
US,1882,Frank,M,3176,6,2793.7
US,1882,Ida,F,1673,7,1551.3
US,1882,Joseph,M,2670,7,2348.6
US,1882,Alice,F,1542,8,1429.8
US,1882,Thomas,M,2610,8,2295.8
US,1882,Bertha,F,1508,9,1398.3
US,1882,Henry,M,2579,9,2268.5
US,1882,Annie,F,1492,10,1383.4
US,1882,Robert,M,2500,10,2199.0
US,1883,Mary,F,8012,1,7133.3
US,1883,John,M,8894,1,8500.7
US,1883,Anna,F,3306,2,2943.4
US,1883,William,M,8387,2,8016.1
US,1883,Emma,F,2367,3,2107.4
US,1883,James,M,5223,3,4992.0
US,1883,Elizabeth,F,2255,4,2007.7
US,1883,Charles,M,4826,4,4612.6
US,1883,Minnie,F,2035,5,1811.8
US,1883,George,M,4736,5,4526.6
US,1883,Margaret,F,1881,6,1674.7
US,1883,Frank,M,2986,6,2853.9
US,1883,Bertha,F,1681,7,1496.6
US,1883,Joseph,M,2515,7,2403.8
US,1883,Ida,F,1634,8,1454.8
US,1883,Henry,M,2383,8,2277.6
US,1883,Annie,F,1589,9,1414.7
US,1883,Robert,M,2334,9,2230.8
US,1883,Clara,F,1548,10,1378.2
US,1883,Thomas,M,2316,10,2213.6
US,1884,Mary,F,9217,1,7143.9
US,1884,John,M,9388,1,8203.2
US,1884,Anna,F,3860,2,2991.8
US,1884,William,M,8897,2,7774.2
US,1884,Emma,F,2587,3,2005.1
US,1884,James,M,5693,3,4974.5
US,1884,Elizabeth,F,2549,4,1975.7
US,1884,George,M,4961,4,4334.9
US,1884,Minnie,F,2243,5,1738.5
US,1884,Charles,M,4802,5,4196.0
US,1884,Margaret,F,2142,6,1660.2
US,1884,Frank,M,3218,6,2811.9
US,1884,Ida,F,1882,7,1458.7
US,1884,Joseph,M,2707,7,2365.4
US,1884,Clara,F,1852,8,1435.4
US,1884,Thomas,M,2572,8,2247.4
US,1884,Bertha,F,1789,9,1386.6
US,1884,Henry,M,2474,9,2161.8
US,1884,Annie,F,1739,10,1347.9
US,1884,Robert,M,2468,10,2156.5
US,1885,Mary,F,9128,1,6860.3
US,1885,John,M,8756,1,8122.5
US,1885,Anna,F,3994,2,3001.8
US,1885,William,M,8044,2,7462.0
US,1885,Emma,F,2728,3,2050.3
US,1885,James,M,5175,3,4800.6
US,1885,Elizabeth,F,2582,4,1940.6
US,1885,George,M,4674,4,4335.8
US,1885,Margaret,F,2204,5,1656.5
US,1885,Charles,M,4599,5,4266.3
US,1885,Minnie,F,2178,6,1636.9
US,1885,Frank,M,3067,6,2845.1
US,1885,Clara,F,1910,7,1435.5
US,1885,Joseph,M,2540,7,2356.2
US,1885,Bertha,F,1860,8,1397.9
US,1885,Henry,M,2406,8,2231.9
US,1885,Ida,F,1854,9,1393.4
US,1885,Robert,M,2322,9,2154.0
US,1885,Annie,F,1703,10,1279.9
US,1885,Thomas,M,2266,10,2102.1
US,1886,Mary,F,9889,1,6842.0
US,1886,John,M,9026,1,8147.3
US,1886,Anna,F,4283,2,2963.3
US,1886,William,M,8252,2,7448.7
US,1886,Emma,F,2764,3,1912.4
US,1886,James,M,5355,3,4833.7
US,1886,Elizabeth,F,2680,4,1854.2
US,1886,George,M,4671,4,4216.3
US,1886,Minnie,F,2372,5,1641.1
US,1886,Charles,M,4533,5,4091.7
US,1886,Margaret,F,2275,6,1574.0
US,1886,Frank,M,3127,6,2822.6
US,1886,Ida,F,2049,7,1417.7
US,1886,Joseph,M,2594,7,2341.5
US,1886,Bertha,F,2001,8,1384.4
US,1886,Robert,M,2444,8,2206.1
US,1886,Clara,F,1916,9,1325.6
US,1886,Henry,M,2404,9,2170.0
US,1886,Florence,F,1860,10,1286.9
US,1886,Thomas,M,2337,10,2109.5
US,1887,Mary,F,9888,1,6773.5
US,1887,John,M,8110,1,7996.8
US,1887,Anna,F,4227,2,2895.6
US,1887,William,M,7470,2,7365.8
US,1887,Elizabeth,F,2681,3,1836.5
US,1887,James,M,4768,3,4701.5
US,1887,Emma,F,2647,4,1813.2
US,1887,George,M,4284,4,4224.2
US,1887,Margaret,F,2419,5,1657.1
US,1887,Charles,M,4031,5,3974.8
US,1887,Minnie,F,2215,6,1517.3
US,1887,Frank,M,2883,6,2842.8
US,1887,Bertha,F,2037,7,1395.4
US,1887,Joseph,M,2456,7,2421.7
US,1887,Clara,F,1984,8,1359.1
US,1887,Henry,M,2228,8,2196.9
US,1887,Florence,F,1964,9,1345.4
US,1887,Thomas,M,2151,9,2121.0
US,1887,Ida,F,1929,10,1321.4
US,1887,Edward,M,2125,10,2095.4
US,1887,Robert,M,2125,10,2095.4
US,1888,Mary,F,11754,1,6580.3
US,1888,John,M,9247,1,7651.6
US,1888,Anna,F,4982,2,2789.1
US,1888,William,M,8705,2,7203.1
US,1888,Elizabeth,F,3224,3,1804.9
US,1888,James,M,5562,3,4602.4
US,1888,Emma,F,3087,4,1728.2
US,1888,George,M,4912,4,4064.5
US,1888,Margaret,F,2904,5,1625.8
US,1888,Charles,M,4591,5,3798.9
US,1888,Minnie,F,2654,6,1485.8
US,1888,Frank,M,3459,6,2862.2
US,1888,Bertha,F,2450,7,1371.6
US,1888,Joseph,M,2993,7,2476.6
US,1888,Florence,F,2444,8,1368.2
US,1888,Robert,M,2814,8,2328.5
US,1888,Ethel,F,2374,9,1329.0
US,1888,Harry,M,2759,9,2283.0
US,1888,Bessie,F,2278,10,1275.3
US,1888,Henry,M,2596,10,2148.1
US,1889,Mary,F,11648,1,6530.4
US,1889,John,M,8548,1,7730.0
US,1889,Anna,F,5062,2,2838.0
US,1889,William,M,7772,2,7028.3
US,1889,Elizabeth,F,3058,3,1714.5
US,1889,James,M,5020,3,4539.6
US,1889,Margaret,F,2917,4,1635.4
US,1889,George,M,4430,4,4006.1
US,1889,Emma,F,2884,5,1616.9
US,1889,Charles,M,4199,5,3797.2
US,1889,Minnie,F,2624,6,1471.1
US,1889,Frank,M,2975,6,2690.3
US,1889,Florence,F,2465,7,1382.0
US,1889,Joseph,M,2729,7,2467.9
US,1889,Ethel,F,2463,8,1380.9
US,1889,Harry,M,2559,8,2314.1
US,1889,Bessie,F,2343,9,1313.6
US,1889,Robert,M,2513,9,2272.5
US,1889,Clara,F,2319,10,1300.1
US,1889,Edward,M,2299,10,2079.0
US,1890,Mary,F,12078,1,6344.3
US,1890,John,M,8502,1,7657.7
US,1890,Anna,F,5233,2,2748.8
US,1890,William,M,7494,2,6749.8
US,1890,Elizabeth,F,3112,3,1634.7
US,1890,James,M,5097,3,4590.9
US,1890,Margaret,F,3100,4,1628.4
US,1890,George,M,4458,4,4015.3
US,1890,Emma,F,2980,5,1565.3
US,1890,Charles,M,4061,5,3657.7
US,1890,Florence,F,2744,6,1441.4
US,1890,Frank,M,3078,6,2772.3
US,1890,Ethel,F,2718,7,1427.7
US,1890,Joseph,M,2670,7,2404.9
US,1890,Minnie,F,2650,8,1392.0
US,1890,Robert,M,2541,8,2288.7
US,1890,Clara,F,2496,9,1311.1
US,1890,Henry,M,2349,9,2115.7
US,1890,Bertha,F,2388,10,1254.4
US,1890,Harry,M,2345,10,2112.1
US,1891,Mary,F,11703,1,6309.5
US,1891,John,M,7680,1,7589.5
US,1891,Anna,F,5099,2,2749.1
US,1891,William,M,6763,2,6683.3
US,1891,Margaret,F,3065,3,1652.5
US,1891,James,M,4516,3,4462.8
US,1891,Elizabeth,F,3059,4,1649.2
US,1891,George,M,3931,4,3884.7
US,1891,Emma,F,2884,5,1554.9
US,1891,Charles,M,3640,5,3597.1
US,1891,Florence,F,2715,6,1463.8
US,1891,Frank,M,2652,6,2620.7
US,1891,Ethel,F,2689,7,1449.7
US,1891,Joseph,M,2572,7,2541.7
US,1891,Minnie,F,2428,8,1309.0
US,1891,Robert,M,2240,8,2213.6
US,1891,Helen,F,2417,9,1303.1
US,1891,Harry,M,2132,9,2106.9
US,1891,Bertha,F,2372,10,1278.8
US,1891,Henry,M,2049,10,2024.8
US,1892,Mary,F,13172,1,6203.2
US,1892,John,M,9039,1,7406.8
US,1892,Anna,F,5542,2,2610.0
US,1892,William,M,7782,2,6376.8
US,1892,Elizabeth,F,3461,3,1629.9
US,1892,James,M,5398,3,4423.3
US,1892,Margaret,F,3435,4,1617.7
US,1892,George,M,4760,4,3900.5
US,1892,Ruth,F,3290,5,1549.4
US,1892,Charles,M,4319,5,3539.1
US,1892,Florence,F,3154,6,1485.3
US,1892,Frank,M,3150,6,2581.2
US,1892,Emma,F,3128,7,1473.1
US,1892,Joseph,M,3064,7,2510.7
US,1892,Ethel,F,3035,8,1429.3
US,1892,Robert,M,2710,8,2220.7
US,1892,Helen,F,2936,9,1382.7
US,1892,Harry,M,2460,9,2015.8
US,1892,Clara,F,2661,10,1253.2
US,1892,Henry,M,2452,10,2009.2
US,1893,Mary,F,12784,1,6004.6
US,1893,John,M,8049,1,7166.3
US,1893,Anna,F,5695,2,2674.9
US,1893,William,M,7223,2,6430.9
US,1893,Ruth,F,3658,3,1718.1
US,1893,James,M,5029,3,4477.5
US,1893,Margaret,F,3565,4,1674.5
US,1893,George,M,4320,4,3846.3
US,1893,Elizabeth,F,3360,5,1578.2
US,1893,Charles,M,3723,5,3314.7
US,1893,Helen,F,3249,6,1526.0
US,1893,Joseph,M,2997,6,2668.3
US,1893,Florence,F,3231,7,1517.6
US,1893,Frank,M,2917,7,2597.1
US,1893,Ethel,F,3119,8,1465.0
US,1893,Robert,M,2563,8,2281.9
US,1893,Emma,F,2968,9,1394.0
US,1893,Edward,M,2309,9,2055.8
US,1893,Bertha,F,2623,10,1232.0
US,1893,Harry,M,2245,10,1998.8
US,1894,Mary,F,13151,1,5899.4
US,1894,John,M,8238,1,7115.8
US,1894,Anna,F,5565,2,2496.4
US,1894,William,M,7274,2,6283.1
US,1894,Margaret,F,3701,3,1660.2
US,1894,James,M,5110,3,4413.9
US,1894,Helen,F,3676,4,1649.0
US,1894,George,M,4365,4,3770.4
US,1894,Elizabeth,F,3425,5,1536.4
US,1894,Charles,M,3788,5,3272.0
US,1894,Ruth,F,3372,6,1512.6
US,1894,Joseph,M,2977,6,2571.5
US,1894,Ethel,F,3287,7,1474.5
US,1894,Frank,M,2863,7,2473.0
US,1894,Florence,F,3233,8,1450.3
US,1894,Robert,M,2497,8,2156.9
US,1894,Emma,F,2937,9,1317.5
US,1894,Henry,M,2278,9,1967.7
US,1894,Marie,F,2649,10,1188.3
US,1894,Harry,M,2189,10,1890.8
US,1895,Mary,F,13446,1,5755.3
US,1895,John,M,8320,1,7087.1
US,1895,Anna,F,5950,2,2546.8
US,1895,William,M,7277,2,6198.7
US,1895,Helen,F,4023,3,1722.0
US,1895,James,M,5335,3,4544.4
US,1895,Margaret,F,3931,4,1682.6
US,1895,George,M,4289,4,3653.4
US,1895,Elizabeth,F,3603,5,1542.2
US,1895,Charles,M,3633,5,3094.7
US,1895,Ruth,F,3551,6,1519.9
US,1895,Frank,M,3012,6,2565.7
US,1895,Florence,F,3471,7,1485.7
US,1895,Joseph,M,2992,7,2548.6
US,1895,Ethel,F,3391,8,1451.5
US,1895,Robert,M,2635,8,2244.5
US,1895,Marie,F,3011,9,1288.8
US,1895,Henry,M,2221,9,1891.9
US,1895,Emma,F,2952,10,1263.5
US,1895,Edward,M,2203,10,1876.6
US,1896,Mary,F,13811,1,5804.9
US,1896,John,M,8139,1,6807.0
US,1896,Anna,F,5860,2,2463.0
US,1896,William,M,7747,2,6479.2
US,1896,Helen,F,4392,3,1846.0
US,1896,James,M,5207,3,4354.8
US,1896,Margaret,F,4051,4,1702.7
US,1896,George,M,4286,4,3584.6
US,1896,Ruth,F,3905,5,1641.3
US,1896,Charles,M,3639,5,3043.5
US,1896,Ethel,F,3502,6,1471.9
US,1896,Joseph,M,3051,6,2551.7
US,1896,Elizabeth,F,3471,7,1458.9
US,1896,Frank,M,2845,7,2379.4
US,1896,Florence,F,3323,8,1396.7
US,1896,Robert,M,2719,8,2274.0
US,1896,Marie,F,3087,9,1297.5
US,1896,Edward,M,2296,9,1920.2
US,1896,Emma,F,2872,10,1207.1
US,1896,Henry,M,2183,10,1825.7
US,1897,Mary,F,13413,1,5727.2
US,1897,John,M,7550,1,6695.8
US,1897,Anna,F,5429,2,2318.1
US,1897,William,M,7199,2,6384.5
US,1897,Helen,F,4519,3,1929.5
US,1897,James,M,5113,3,4534.5
US,1897,Margaret,F,4146,4,1770.3
US,1897,George,M,4078,4,3616.6
US,1897,Ruth,F,3878,5,1655.8
US,1897,Charles,M,3341,5,2963.0
US,1897,Elizabeth,F,3442,6,1469.7
US,1897,Joseph,M,2827,6,2507.1
US,1897,Florence,F,3369,7,1438.5
US,1897,Frank,M,2726,7,2417.6
US,1897,Ethel,F,3182,8,1358.7
US,1897,Robert,M,2701,8,2395.4
US,1897,Marie,F,3078,9,1314.3
US,1897,Edward,M,2121,9,1881.0
US,1897,Emma,F,2698,10,1152.0
US,1897,Henry,M,1994,10,1768.4
US,1898,Mary,F,14406,1,5567.1
US,1898,John,M,8159,1,6650.0
US,1898,Anna,F,5773,2,2230.9
US,1898,William,M,7400,2,6031.4
US,1898,Helen,F,5230,3,2021.1
US,1898,James,M,5321,3,4336.9
US,1898,Margaret,F,4696,4,1814.7
US,1898,George,M,4853,4,3955.5
US,1898,Ruth,F,4249,5,1642.0
US,1898,Charles,M,3557,5,2899.2
US,1898,Florence,F,3790,6,1464.6
US,1898,Joseph,M,3171,6,2584.5
US,1898,Elizabeth,F,3659,7,1414.0
US,1898,Robert,M,2932,7,2389.7
US,1898,Ethel,F,3531,8,1364.5
US,1898,Frank,M,2925,8,2384.0
US,1898,Marie,F,3435,9,1327.4
US,1898,Edward,M,2337,9,1904.8
US,1898,Lillian,F,3061,10,1182.9
US,1898,Thomas,M,2161,10,1761.3
US,1899,Mary,F,13172,1,5652.7
US,1899,John,M,6990,1,6581.2
US,1899,Anna,F,5115,2,2195.1
US,1899,William,M,6086,2,5730.0
US,1899,Helen,F,5048,3,2166.3
US,1899,James,M,4598,3,4329.1
US,1899,Margaret,F,4249,4,1823.4
US,1899,George,M,4018,4,3783.0
US,1899,Ruth,F,3912,5,1678.8
US,1899,Charles,M,3147,5,2962.9
US,1899,Florence,F,3314,6,1422.2
US,1899,Joseph,M,2679,6,2522.3
US,1899,Elizabeth,F,3287,7,1410.6
US,1899,Robert,M,2609,7,2456.4
US,1899,Marie,F,3156,8,1354.4
US,1899,Frank,M,2550,8,2400.9
US,1899,Ethel,F,2999,9,1287.0
US,1899,Edward,M,1901,9,1789.8
US,1899,Lillian,F,2703,10,1160.0
US,1899,Henry,M,1831,10,1723.9
US,1900,Mary,F,16707,1,5572.3
US,1900,John,M,9829,1,6531.3
US,1900,Helen,F,6343,2,2115.6
US,1900,William,M,8579,2,5700.7
US,1900,Anna,F,6114,3,2039.2
US,1900,James,M,7245,3,4814.3
US,1900,Margaret,F,5304,4,1769.0
US,1900,George,M,5403,4,3590.3
US,1900,Ruth,F,4765,5,1589.3
US,1900,Charles,M,4100,5,2724.4
US,1900,Elizabeth,F,4096,6,1366.1
US,1900,Robert,M,3821,6,2539.0
US,1900,Florence,F,3920,7,1307.4
US,1900,Joseph,M,3714,7,2467.9
US,1900,Ethel,F,3896,8,1299.4
US,1900,Frank,M,3477,8,2310.5
US,1900,Marie,F,3856,9,1286.1
US,1900,Edward,M,2720,9,1807.4
US,1900,Lillian,F,3414,10,1138.7
US,1900,Henry,M,2606,10,1731.7
US,1901,Mary,F,13136,1,5488.3
US,1901,John,M,6899,1,6479.8
US,1901,Helen,F,5247,2,2192.2
US,1901,William,M,5990,2,5626.1
US,1901,Anna,F,4923,3,2056.8
US,1901,James,M,4735,3,4447.3
US,1901,Margaret,F,4424,4,1848.4
US,1901,George,M,3609,4,3389.7
US,1901,Ruth,F,3974,5,1660.4
US,1901,Charles,M,3049,5,2863.7
US,1901,Elizabeth,F,3216,6,1343.7
US,1901,Joseph,M,2766,6,2597.9
US,1901,Marie,F,3157,7,1319.0
US,1901,Robert,M,2543,7,2388.5
US,1901,Florence,F,3131,8,1308.1
US,1901,Frank,M,2402,8,2256.1
US,1901,Ethel,F,3067,9,1281.4
US,1901,Edward,M,1917,9,1800.5
US,1901,Lillian,F,2681,10,1120.1
US,1901,Henry,M,1870,10,1756.4
US,1902,Mary,F,14486,1,5485.6
US,1902,John,M,7907,1,6446.3
US,1902,Helen,F,5967,2,2259.6
US,1902,William,M,6616,2,5393.8
US,1902,Anna,F,5288,3,2002.5
US,1902,James,M,5592,3,4559.0
US,1902,Margaret,F,5011,4,1897.6
US,1902,George,M,4223,4,3442.9
US,1902,Ruth,F,4384,5,1660.1
US,1902,Charles,M,3361,5,2740.1
US,1902,Elizabeth,F,3694,6,1398.8
US,1902,Robert,M,3180,6,2592.6
US,1902,Florence,F,3509,7,1328.8
US,1902,Joseph,M,3098,7,2525.7
US,1902,Marie,F,3423,8,1296.2
US,1902,Frank,M,2756,8,2246.9
US,1902,Ethel,F,3295,9,1247.8
US,1902,Edward,M,2294,9,1870.2
US,1902,Alice,F,3135,10,1187.2
US,1902,Henry,M,2154,10,1756.1
US,1903,Mary,F,14275,1,5449.1
US,1903,John,M,7608,1,6380.8
US,1903,Helen,F,6129,2,2339.6
US,1903,William,M,6311,2,5293.0
US,1903,Anna,F,5098,3,1946.0
US,1903,James,M,5480,3,4596.0
US,1903,Margaret,F,5046,4,1926.2
US,1903,George,M,3961,4,3322.1
US,1903,Ruth,F,4518,5,1724.6
US,1903,Charles,M,3212,5,2693.9
US,1903,Elizabeth,F,3723,6,1421.1
US,1903,Joseph,M,3121,6,2617.6
US,1903,Marie,F,3469,7,1324.2
US,1903,Robert,M,3044,7,2553.0
US,1903,Florence,F,3468,8,1323.8
US,1903,Frank,M,2644,8,2217.5
US,1903,Ethel,F,3257,9,1243.3
US,1903,Edward,M,2268,9,1902.2
US,1903,Mildred,F,3088,10,1178.8
US,1903,Thomas,M,1962,10,1645.5
US,1904,Mary,F,14962,1,5433.4
US,1904,John,M,8108,1,6328.2
US,1904,Helen,F,6488,2,2356.1
US,1904,William,M,6416,2,5007.6
US,1904,Anna,F,5330,3,1935.6
US,1904,James,M,5855,3,4569.8
US,1904,Margaret,F,5302,4,1925.4
US,1904,George,M,4219,4,3292.9
US,1904,Ruth,F,4900,5,1779.4
US,1904,Robert,M,3414,5,2664.6
US,1904,Elizabeth,F,3833,6,1391.9
US,1904,Charles,M,3406,6,2658.3
US,1904,Marie,F,3595,7,1305.5
US,1904,Joseph,M,3291,7,2568.6
US,1904,Florence,F,3572,8,1297.2
US,1904,Frank,M,2799,8,2184.6
US,1904,Mildred,F,3525,9,1280.1
US,1904,Edward,M,2334,9,1821.7
US,1904,Dorothy,F,3477,10,1262.7
US,1904,Henry,M,2086,10,1628.1
US,1905,Mary,F,16067,1,5509.5
US,1905,John,M,8060,1,6091.4
US,1905,Helen,F,6811,2,2335.5
US,1905,William,M,6495,2,4908.6
US,1905,Margaret,F,5690,3,1951.1
US,1905,James,M,6042,3,4566.3
US,1905,Anna,F,5424,4,1859.9
US,1905,George,M,4256,4,3216.5
US,1905,Ruth,F,5068,5,1737.9
US,1905,Charles,M,3608,5,2726.8
US,1905,Elizabeth,F,4121,6,1413.1
US,1905,Robert,M,3410,6,2577.1
US,1905,Dorothy,F,3937,7,1350.0
US,1905,Joseph,M,3302,7,2495.5
US,1905,Mildred,F,3758,8,1288.7
US,1905,Frank,M,2837,8,2144.1
US,1905,Marie,F,3643,9,1249.2
US,1905,Edward,M,2366,9,1788.1
US,1905,Alice,F,3611,10,1238.2
US,1905,Thomas,M,2135,10,1613.5
US,1906,Mary,F,16370,1,5543.4
US,1906,John,M,8264,1,6206.2
US,1906,Helen,F,7176,2,2430.0
US,1906,William,M,6567,2,4931.8
US,1906,Margaret,F,6096,3,2064.3
US,1906,James,M,5908,3,4436.9
US,1906,Anna,F,5502,4,1863.2
US,1906,George,M,4201,4,3154.9
US,1906,Ruth,F,5140,5,1740.6
US,1906,Robert,M,3635,5,2729.9
US,1906,Dorothy,F,4326,6,1464.9
US,1906,Charles,M,3607,6,2708.8
US,1906,Elizabeth,F,4321,7,1463.2
US,1906,Joseph,M,3527,7,2648.8
US,1906,Alice,F,4192,8,1419.6
US,1906,Frank,M,2798,8,2101.3
US,1906,Mildred,F,3873,9,1311.5
US,1906,Edward,M,2398,9,1800.9
US,1906,Florence,F,3691,10,1249.9
US,1906,Thomas,M,2176,10,1634.2
US,1907,Mary,F,17580,1,5518.5
US,1907,John,M,8983,1,6118.0
US,1907,Helen,F,7579,2,2379.1
US,1907,William,M,6905,2,4702.7
US,1907,Margaret,F,6713,3,2107.3
US,1907,James,M,6707,3,4567.9
US,1907,Anna,F,5575,4,1750.0
US,1907,George,M,4445,4,3027.3
US,1907,Ruth,F,5573,5,1749.4
US,1907,Robert,M,4020,5,2737.9
US,1907,Dorothy,F,4967,6,1559.2
US,1907,Charles,M,3884,6,2645.2
US,1907,Elizabeth,F,4624,7,1451.5
US,1907,Joseph,M,3844,7,2618.0
US,1907,Mildred,F,4277,8,1342.6
US,1907,Frank,M,2943,8,2004.4
US,1907,Alice,F,4107,9,1289.2
US,1907,Edward,M,2576,9,1754.4
US,1907,Marie,F,3879,10,1217.6
US,1907,Henry,M,2203,10,1500.4
US,1908,Mary,F,18666,1,5583.4
US,1908,John,M,9342,1,6052.8
US,1908,Helen,F,8439,2,2524.3
US,1908,William,M,7528,2,4877.4
US,1908,Margaret,F,6976,3,2086.7
US,1908,James,M,7012,3,4543.1
US,1908,Ruth,F,6180,4,1848.6
US,1908,George,M,4584,4,2970.0
US,1908,Anna,F,5860,5,1752.8
US,1908,Robert,M,4220,5,2734.2
US,1908,Dorothy,F,5703,6,1705.9
US,1908,Joseph,M,4162,6,2696.6
US,1908,Elizabeth,F,4904,7,1466.9
US,1908,Charles,M,3929,7,2545.6
US,1908,Mildred,F,4624,8,1383.1
US,1908,Frank,M,3146,8,2038.3
US,1908,Alice,F,4270,9,1277.2
US,1908,Edward,M,2707,9,1753.9
US,1908,Marie,F,4076,10,1219.2
US,1908,Thomas,M,2301,10,1490.8
US,1909,Mary,F,19259,1,5546.4
US,1909,John,M,9591,1,5848.2
US,1909,Helen,F,9250,2,2663.9
US,1909,William,M,7914,2,4825.6
US,1909,Margaret,F,7359,3,2119.3
US,1909,James,M,7594,3,4630.5
US,1909,Ruth,F,6509,4,1874.5
US,1909,George,M,4688,4,2858.6
US,1909,Dorothy,F,6253,5,1800.8
US,1909,Robert,M,4563,5,2782.3
US,1909,Anna,F,5804,6,1671.5
US,1909,Joseph,M,4348,6,2651.2
US,1909,Elizabeth,F,5176,7,1490.6
US,1909,Charles,M,4030,7,2457.3
US,1909,Mildred,F,5054,8,1455.5
US,1909,Frank,M,3244,8,1978.1
US,1909,Marie,F,4301,9,1238.7
US,1909,Edward,M,2935,9,1789.6
US,1909,Alice,F,4170,10,1200.9
US,1909,Thomas,M,2468,10,1504.9
US,1910,Mary,F,22848,1,5762.4
US,1910,John,M,11450,1,5895.5
US,1910,Helen,F,10479,2,2642.9
US,1910,James,M,9195,2,4734.4
US,1910,Margaret,F,8226,3,2074.6
US,1910,William,M,8844,3,4553.7
US,1910,Dorothy,F,7318,4,1845.6
US,1910,Robert,M,5610,4,2888.5
US,1910,Ruth,F,7212,5,1818.9
US,1910,George,M,5441,5,2801.5
US,1910,Anna,F,6436,6,1623.2
US,1910,Joseph,M,5228,6,2691.8
US,1910,Elizabeth,F,5800,7,1462.8
US,1910,Charles,M,4785,7,2463.8
US,1910,Mildred,F,5692,8,1435.6
US,1910,Frank,M,3768,8,1940.1
US,1910,Marie,F,4790,9,1208.1
US,1910,Edward,M,3408,9,1754.7
US,1910,Alice,F,4671,10,1178.0
US,1910,Henry,M,2899,10,1492.7
US,1911,Mary,F,24390,1,5830.7
US,1911,John,M,13445,1,5950.0
US,1911,Helen,F,11802,2,2821.4
US,1911,William,M,10593,2,4687.9
US,1911,Margaret,F,9279,3,2218.2
US,1911,James,M,9951,3,4403.7
US,1911,Dorothy,F,8869,4,2120.2
US,1911,George,M,6586,4,2914.6
US,1911,Ruth,F,8003,5,1913.2
US,1911,Robert,M,6526,5,2888.0
US,1911,Anna,F,6753,6,1614.4
US,1911,Joseph,M,6488,6,2871.2
US,1911,Elizabeth,F,6298,7,1505.6
US,1911,Charles,M,5725,7,2533.6
US,1911,Mildred,F,6271,8,1499.1
US,1911,Frank,M,4314,8,1909.1
US,1911,Marie,F,5017,9,1199.4
US,1911,Edward,M,4164,9,1842.7
US,1911,Frances,F,4967,10,1187.4
US,1911,Thomas,M,3293,10,1457.3
US,1912,Mary,F,32303,1,5787.9
US,1912,John,M,24587,1,5718.6
US,1912,Helen,F,16133,2,2890.6
US,1912,William,M,19626,2,4564.8
US,1912,Dorothy,F,12645,3,2265.7
US,1912,James,M,17644,3,4103.8
US,1912,Margaret,F,12535,4,2246.0
US,1912,Robert,M,12837,4,2985.7
US,1912,Ruth,F,11280,5,2021.1
US,1912,Joseph,M,12062,5,2805.5
US,1912,Mildred,F,8764,6,1570.3
US,1912,George,M,11734,6,2729.2
US,1912,Anna,F,8586,7,1538.4
US,1912,Charles,M,11070,7,2574.7
US,1912,Elizabeth,F,8528,8,1528.0
US,1912,Edward,M,7936,8,1845.8
US,1912,Frances,F,6680,9,1196.9
US,1912,Frank,M,7912,9,1840.2
US,1912,Marie,F,6642,10,1190.1
US,1912,Thomas,M,6085,10,1415.3
US,1913,Mary,F,36641,1,5866.9
US,1913,John,M,29329,1,5722.1
US,1913,Helen,F,18889,2,3024.5
US,1913,William,M,23537,2,4592.1
US,1913,Dorothy,F,14674,3,2349.6
US,1913,James,M,20831,3,4064.1
US,1913,Margaret,F,14486,4,2319.5
US,1913,Robert,M,15683,4,3059.8
US,1913,Ruth,F,12608,5,2018.8
US,1913,Joseph,M,14471,5,2823.3
US,1913,Mildred,F,9921,6,1588.5
US,1913,George,M,13873,6,2706.6
US,1913,Anna,F,9687,7,1551.1
US,1913,Charles,M,13190,7,2573.4
US,1913,Elizabeth,F,9505,8,1521.9
US,1913,Edward,M,9474,8,1848.4
US,1913,Frances,F,7694,9,1232.0
US,1913,Frank,M,9237,9,1802.1
US,1913,Marie,F,7352,10,1177.2
US,1913,Thomas,M,7097,10,1384.6
US,1914,Mary,F,45345,1,5954.2
US,1914,John,M,37948,1,5795.7
US,1914,Helen,F,23221,2,3049.1
US,1914,William,M,29755,2,4544.4
US,1914,Dorothy,F,18782,3,2466.3
US,1914,James,M,26263,3,4011.1
US,1914,Margaret,F,17763,4,2332.4
US,1914,Robert,M,21188,4,3236.0
US,1914,Ruth,F,15839,5,2079.8
US,1914,Joseph,M,18828,5,2875.5
US,1914,Anna,F,11865,6,1558.0
US,1914,George,M,17603,6,2688.4
US,1914,Mildred,F,11649,7,1529.6
US,1914,Charles,M,16937,7,2586.7
US,1914,Elizabeth,F,11367,8,1492.6
US,1914,Edward,M,12318,8,1881.3
US,1914,Frances,F,9677,9,1270.7
US,1914,Frank,M,12001,9,1832.9
US,1914,Marie,F,8829,10,1159.3
US,1914,Walter,M,8962,10,1368.7
US,1915,Mary,F,58187,1,5914.1
US,1915,John,M,47577,1,5606.5
US,1915,Helen,F,30866,2,3137.2
US,1915,William,M,38564,2,4544.4
US,1915,Dorothy,F,25154,3,2556.6
US,1915,James,M,33777,3,3980.3
US,1915,Margaret,F,23055,4,2343.3
US,1915,Robert,M,28738,4,3386.5
US,1915,Ruth,F,21881,5,2224.0
US,1915,Joseph,M,23052,5,2716.5
US,1915,Mildred,F,15253,6,1550.3
US,1915,George,M,22308,6,2628.8
US,1915,Anna,F,15120,7,1536.8
US,1915,Charles,M,21959,7,2587.7
US,1915,Elizabeth,F,14103,8,1433.4
US,1915,Edward,M,15889,8,1872.4
US,1915,Frances,F,12787,9,1299.7
US,1915,Frank,M,15006,9,1768.3
US,1915,Evelyn,F,11594,10,1178.4
US,1915,Thomas,M,11490,10,1354.0
US,1916,Mary,F,61437,1,5882.9
US,1916,John,M,50046,1,5622.5
US,1916,Helen,F,32661,2,3127.5
US,1916,William,M,40421,2,4541.2
US,1916,Dorothy,F,27415,3,2625.1
US,1916,James,M,35568,3,3996.0
US,1916,Margaret,F,24952,4,2389.3
US,1916,Robert,M,31740,4,3565.9
US,1916,Ruth,F,23189,5,2220.5
US,1916,Joseph,M,23882,5,2683.1
US,1916,Mildred,F,15633,6,1496.9
US,1916,Charles,M,23612,6,2652.8
US,1916,Anna,F,15228,7,1458.2
US,1916,George,M,23379,7,2626.6
US,1916,Elizabeth,F,14939,8,1430.5
US,1916,Edward,M,17005,8,1910.5
US,1916,Frances,F,13746,9,1316.3
US,1916,Frank,M,15292,9,1718.0
US,1916,Virginia,F,12487,10,1195.7
US,1916,Thomas,M,11998,10,1347.9
US,1917,Mary,F,64281,1,5944.8
US,1917,John,M,51853,1,5602.7
US,1917,Helen,F,34249,2,3167.4
US,1917,William,M,42421,2,4583.5
US,1917,Dorothy,F,28853,3,2668.4
US,1917,James,M,37339,3,4034.4
US,1917,Margaret,F,25560,4,2363.8
US,1917,Robert,M,35220,4,3805.5
US,1917,Ruth,F,23567,5,2179.5
US,1917,Joseph,M,24763,5,2675.6
US,1917,Mildred,F,16257,6,1503.5
US,1917,George,M,24197,6,2614.5
US,1917,Anna,F,15160,7,1402.0
US,1917,Charles,M,24146,7,2608.9
US,1917,Elizabeth,F,15131,8,1399.3
US,1917,Edward,M,17502,8,1891.1
US,1917,Frances,F,14363,9,1328.3
US,1917,Frank,M,15769,9,1703.8
US,1917,Virginia,F,14261,10,1318.9
US,1917,Thomas,M,12611,10,1362.6
US,1918,Mary,F,67368,1,5819.4
US,1918,John,M,56557,1,5580.2
US,1918,Helen,F,36150,2,3122.7
US,1918,William,M,45291,2,4468.7
US,1918,Dorothy,F,32034,3,2767.2
US,1918,James,M,42121,3,4155.9
US,1918,Margaret,F,27140,4,2344.4
US,1918,Robert,M,40624,4,4008.2
US,1918,Ruth,F,25535,5,2205.8
US,1918,Charles,M,26922,5,2656.3
US,1918,Mildred,F,17257,6,1490.7
US,1918,George,M,26320,6,2596.9
US,1918,Virginia,F,16421,7,1418.5
US,1918,Joseph,M,26263,7,2591.3
US,1918,Frances,F,16131,8,1393.4
US,1918,Edward,M,19490,8,1923.0
US,1918,Elizabeth,F,15851,9,1369.2
US,1918,Frank,M,17018,9,1679.1
US,1918,Anna,F,15666,10,1353.3
US,1918,Thomas,M,13910,10,1372.4
US,1919,Mary,F,65843,1,5826.1
US,1919,John,M,53530,1,5461.5
US,1919,Helen,F,33705,2,2982.4
US,1919,William,M,43974,2,4486.5
US,1919,Dorothy,F,31734,3,2808.0
US,1919,James,M,42388,3,4324.7
US,1919,Margaret,F,26237,4,2321.6
US,1919,Robert,M,41024,4,4185.5
US,1919,Ruth,F,24566,5,2173.7
US,1919,Charles,M,25194,5,2570.5
US,1919,Mildred,F,17299,6,1530.7
US,1919,George,M,25173,6,2568.3
US,1919,Virginia,F,15637,7,1383.6
US,1919,Joseph,M,24263,7,2475.5
US,1919,Elizabeth,F,15288,8,1352.8
US,1919,Edward,M,18536,8,1891.2
US,1919,Frances,F,15107,9,1336.7
US,1919,Frank,M,15702,9,1602.0
US,1919,Anna,F,14499,10,1282.9
US,1919,Thomas,M,13434,10,1370.6
US,1920,Mary,F,70975,1,5923.0
US,1920,John,M,56914,1,5346.8
US,1920,Dorothy,F,36645,2,3058.1
US,1920,William,M,50153,2,4711.7
US,1920,Helen,F,35098,3,2929.0
US,1920,Robert,M,48681,3,4573.4
US,1920,Margaret,F,27997,4,2336.4
US,1920,James,M,47915,4,4501.4
US,1920,Ruth,F,26100,5,2178.1
US,1920,Charles,M,28311,5,2659.7
US,1920,Mildred,F,18058,6,1507.0
US,1920,George,M,26890,6,2526.2
US,1920,Virginia,F,17314,7,1444.9
US,1920,Joseph,M,25595,7,2404.5
US,1920,Elizabeth,F,15910,8,1327.7
US,1920,Edward,M,20097,8,1888.0
US,1920,Frances,F,15882,9,1325.4
US,1920,Frank,M,16433,9,1543.8
US,1920,Anna,F,14581,10,1216.8
US,1920,Richard,M,15010,10,1410.1
US,1921,Mary,F,73983,1,6000.2
US,1921,John,M,58225,1,5286.2
US,1921,Dorothy,F,39083,2,3169.7
US,1921,Robert,M,52779,2,4791.8
US,1921,Helen,F,34819,3,2823.9
US,1921,William,M,51861,3,4708.4
US,1921,Margaret,F,28466,4,2308.6
US,1921,James,M,49749,4,4516.7
US,1921,Ruth,F,25783,5,2091.0
US,1921,Charles,M,29244,5,2655.1
US,1921,Virginia,F,19030,6,1543.4
US,1921,George,M,27474,6,2494.4
US,1921,Mildred,F,17883,7,1450.3
US,1921,Joseph,M,26176,7,2376.5
US,1921,Betty,F,17637,8,1430.4
US,1921,Edward,M,20818,8,1890.1
US,1921,Frances,F,15995,9,1297.2
US,1921,Frank,M,16706,9,1516.7
US,1921,Elizabeth,F,15800,10,1281.4
US,1921,Richard,M,16376,10,1486.8
US,1922,Mary,F,72170,1,6009.4
US,1922,John,M,57275,1,5262.9
US,1922,Dorothy,F,37711,2,3140.1
US,1922,Robert,M,53798,2,4943.4
US,1922,Helen,F,32507,3,2706.8
US,1922,William,M,51117,3,4697.0
US,1922,Margaret,F,26862,4,2236.7
US,1922,James,M,49814,4,4577.3
US,1922,Ruth,F,23628,5,1967.4
US,1922,Charles,M,28844,5,2650.4
US,1922,Betty,F,20893,6,1739.7
US,1922,George,M,27350,6,2513.1
US,1922,Virginia,F,19145,7,1594.2
US,1922,Joseph,M,25702,7,2361.7
US,1922,Mildred,F,16413,8,1366.7
US,1922,Edward,M,20419,8,1876.3
US,1922,Elizabeth,F,15243,9,1269.2
US,1922,Richard,M,17539,9,1611.6
US,1922,Frances,F,15054,10,1253.5
US,1922,Frank,M,16014,10,1471.5
US,1923,Mary,F,71633,1,5938.1
US,1923,John,M,57476,1,5243.3
US,1923,Dorothy,F,39045,2,3236.7
US,1923,Robert,M,56120,2,5119.6
US,1923,Helen,F,31492,3,2610.6
US,1923,William,M,52135,3,4756.0
US,1923,Margaret,F,26134,4,2166.4
US,1923,James,M,50466,4,4603.8
US,1923,Betty,F,25990,5,2154.5
US,1923,Charles,M,28959,5,2641.8
US,1923,Ruth,F,23636,6,1959.3
US,1923,George,M,27030,6,2465.8
US,1923,Virginia,F,18330,7,1519.5
US,1923,Joseph,M,25556,7,2331.4
US,1923,Mildred,F,15989,8,1325.4
US,1923,Edward,M,20597,8,1879.0
US,1923,Elizabeth,F,15461,9,1281.7
US,1923,Richard,M,18884,9,1722.7
US,1923,Frances,F,14875,10,1233.1
US,1923,Donald,M,16436,10,1499.4
US,1924,Mary,F,73532,1,5887.7
US,1924,Robert,M,60794,1,5366.9
US,1924,Dorothy,F,39996,2,3202.5
US,1924,John,M,59055,2,5213.4
US,1924,Helen,F,31193,3,2497.6
US,1924,William,M,53511,3,4724.0
US,1924,Betty,F,30602,4,2450.3
US,1924,James,M,52939,4,4673.5
US,1924,Margaret,F,26549,5,2125.8
US,1924,Charles,M,30458,5,2688.9
US,1924,Ruth,F,23601,6,1889.7
US,1924,George,M,27370,6,2416.2
US,1924,Virginia,F,18624,7,1491.2
US,1924,Joseph,M,25430,7,2245.0
US,1924,Mildred,F,15855,8,1269.5
US,1924,Richard,M,21245,8,1875.5
US,1924,Doris,F,15785,9,1263.9
US,1924,Edward,M,21128,9,1865.2
US,1924,Frances,F,15185,10,1215.9
US,1924,Donald,M,17925,10,1582.4
US,1925,Mary,F,70602,1,5799.6
US,1925,Robert,M,60896,1,5456.9
US,1925,Dorothy,F,38572,2,3168.5
US,1925,John,M,57195,2,5125.2
US,1925,Betty,F,32817,3,2695.7
US,1925,William,M,53300,3,4776.2
US,1925,Helen,F,29168,4,2396.0
US,1925,James,M,52683,4,4720.9
US,1925,Margaret,F,24465,5,2009.7
US,1925,Charles,M,29583,5,2650.9
US,1925,Ruth,F,22250,6,1827.7
US,1925,George,M,26564,6,2380.4
US,1925,Virginia,F,17488,7,1436.5
US,1925,Joseph,M,24612,7,2205.5
US,1925,Doris,F,16075,8,1320.5
US,1925,Richard,M,23274,8,2085.6
US,1925,Mildred,F,14447,9,1186.7
US,1925,Edward,M,20093,9,1800.5
US,1925,Elizabeth,F,13932,10,1144.4
US,1925,Donald,M,19197,10,1720.2
US,1926,Mary,F,67827,1,5722.1
US,1926,Robert,M,61126,1,5504.3
US,1926,Dorothy,F,36614,2,3088.9
US,1926,John,M,56114,2,5053.0
US,1926,Betty,F,32959,3,2780.5
US,1926,James,M,53208,3,4791.3
US,1926,Helen,F,26884,4,2268.0
US,1926,William,M,51928,4,4676.0
US,1926,Margaret,F,23070,5,1946.3
US,1926,Charles,M,29520,5,2658.2
US,1926,Ruth,F,20216,6,1705.5
US,1926,George,M,25900,6,2332.2
US,1926,Doris,F,16299,7,1375.0
US,1926,Richard,M,25146,7,2264.4
US,1926,Virginia,F,16161,8,1363.4
US,1926,Joseph,M,23762,8,2139.7
US,1926,Mildred,F,13551,9,1143.2
US,1926,Donald,M,20904,9,1882.4
US,1926,Frances,F,13355,10,1126.7
US,1926,Edward,M,19379,10,1745.0
US,1927,Mary,F,70638,1,5924.3
US,1927,Robert,M,61664,1,5472.4
US,1927,Dorothy,F,35987,2,3018.2
US,1927,John,M,55949,2,4965.2
US,1927,Betty,F,35422,3,2970.8
US,1927,James,M,53663,3,4762.4
US,1927,Helen,F,25316,4,2123.2
US,1927,William,M,51471,4,4567.8
US,1927,Margaret,F,21960,5,1841.7
US,1927,Charles,M,31935,5,2834.1
US,1927,Ruth,F,19412,6,1628.0
US,1927,Richard,M,26766,6,2375.4
US,1927,Doris,F,16511,7,1384.7
US,1927,George,M,25951,7,2303.0
US,1927,Virginia,F,15726,8,1318.9
US,1927,Donald,M,23838,8,2115.5
US,1927,Shirley,F,13313,9,1116.5
US,1927,Joseph,M,23502,9,2085.7
US,1927,Barbara,F,13162,10,1103.9
US,1927,Edward,M,19113,10,1696.2
US,1928,Mary,F,66862,1,5798.3
US,1928,Robert,M,60690,1,5479.7
US,1928,Betty,F,36078,2,3128.7
US,1928,John,M,53746,2,4852.7
US,1928,Dorothy,F,33728,3,2924.9
US,1928,James,M,52747,3,4762.5
US,1928,Helen,F,22936,4,1989.0
US,1928,William,M,49110,4,4434.1
US,1928,Margaret,F,20294,5,1759.9
US,1928,Charles,M,31239,5,2820.6
US,1928,Ruth,F,17864,6,1549.2
US,1928,Richard,M,28791,6,2599.5
US,1928,Doris,F,16567,7,1436.7
US,1928,Donald,M,25704,7,2320.8
US,1928,Barbara,F,14869,8,1289.4
US,1928,George,M,24401,8,2203.2
US,1928,Virginia,F,14497,9,1257.2
US,1928,Joseph,M,22316,9,2014.9
US,1928,Shirley,F,14211,10,1232.4
US,1928,Edward,M,18480,10,1668.6
US,1929,Mary,F,63514,1,5688.8
US,1929,Robert,M,59802,1,5560.9
US,1929,Betty,F,36669,2,3284.4
US,1929,James,M,52121,2,4846.7
US,1929,Dorothy,F,31477,3,2819.3
US,1929,John,M,52113,3,4845.9
US,1929,Helen,F,20983,4,1879.4
US,1929,William,M,47800,4,4444.9
US,1929,Margaret,F,19206,5,1720.2
US,1929,Charles,M,29932,5,2783.3
US,1929,Doris,F,16496,6,1477.5
US,1929,Richard,M,29573,6,2750.0
US,1929,Barbara,F,16039,7,1436.6
US,1929,Donald,M,27181,7,2527.5
US,1929,Ruth,F,16014,8,1434.3
US,1929,George,M,23016,8,2140.2
US,1929,Shirley,F,14578,9,1305.7
US,1929,Joseph,M,21156,9,1967.3
US,1929,Patricia,F,13626,10,1220.5
US,1929,Edward,M,17229,10,1602.1
US,1930,Mary,F,64137,1,5696.9
US,1930,Robert,M,62146,1,5663.9
US,1930,Betty,F,38239,2,3396.6
US,1930,James,M,53946,2,4916.6
US,1930,Dorothy,F,30404,3,2700.6
US,1930,John,M,52433,3,4778.7
US,1930,Helen,F,19914,4,1768.8
US,1930,William,M,47258,4,4307.1
US,1930,Margaret,F,18351,5,1630.0
US,1930,Richard,M,32174,5,2932.3
US,1930,Barbara,F,18282,6,1623.9
US,1930,Charles,M,31857,6,2903.4
US,1930,Patricia,F,15749,7,1398.9
US,1930,Donald,M,29045,7,2647.1
US,1930,Joan,F,15477,8,1374.7
US,1930,George,M,22773,8,2075.5
US,1930,Doris,F,15467,9,1373.8
US,1930,Joseph,M,20980,9,1912.1
US,1930,Ruth,F,14938,10,1326.9
US,1930,Edward,M,17345,10,1580.8
US,1931,Mary,F,60294,1,5663.8
US,1931,Robert,M,60499,1,5821.4
US,1931,Betty,F,36102,2,3391.3
US,1931,James,M,51201,2,4926.8
US,1931,Dorothy,F,26521,3,2491.3
US,1931,John,M,48403,3,4657.5
US,1931,Barbara,F,21796,4,2047.4
US,1931,William,M,43263,4,4162.9
US,1931,Joan,F,19115,5,1795.6
US,1931,Richard,M,31816,5,3061.5
US,1931,Helen,F,17657,6,1658.6
US,1931,Charles,M,29917,6,2878.7
US,1931,Margaret,F,17334,7,1628.3
US,1931,Donald,M,29100,7,2800.1
US,1931,Patricia,F,16468,8,1546.9
US,1931,George,M,20678,8,1989.7
US,1931,Shirley,F,14401,9,1352.8
US,1931,Joseph,M,19328,9,1859.8
US,1931,Doris,F,13621,10,1279.5
US,1931,Thomas,M,16840,10,1620.4
US,1932,Mary,F,59869,1,5610.9
US,1932,Robert,M,59250,1,5675.9
US,1932,Betty,F,34411,2,3225.0
US,1932,James,M,51919,2,4973.6
US,1932,Barbara,F,26315,3,2466.2
US,1932,John,M,48603,3,4656.0
US,1932,Dorothy,F,24968,4,2340.0
US,1932,William,M,42114,4,4034.4
US,1932,Joan,F,21047,5,1972.5
US,1932,Richard,M,31795,5,3045.8
US,1932,Patricia,F,17991,6,1686.1
US,1932,Charles,M,31093,6,2978.6
US,1932,Margaret,F,16544,7,1550.5
US,1932,Donald,M,29774,7,2852.2
US,1932,Helen,F,16375,8,1534.6
US,1932,George,M,20437,8,1957.8
US,1932,Shirley,F,14474,9,1356.5
US,1932,Joseph,M,18558,9,1777.8
US,1932,Doris,F,12909,10,1209.8
US,1932,Thomas,M,16829,10,1612.2
US,1933,Mary,F,55493,1,5506.6
US,1933,Robert,M,54208,1,5468.9
US,1933,Betty,F,31526,2,3128.4
US,1933,James,M,51101,2,5155.4
US,1933,Barbara,F,26949,3,2674.2
US,1933,John,M,46224,3,4663.4
US,1933,Dorothy,F,22050,4,2188.0
US,1933,William,M,39034,4,3938.0
US,1933,Joan,F,19289,5,1914.1
US,1933,Richard,M,31331,5,3160.9
US,1933,Patricia,F,18625,6,1848.2
US,1933,Charles,M,28986,6,2924.3
US,1933,Margaret,F,15241,7,1512.4
US,1933,Donald,M,28429,7,2868.1
US,1933,Helen,F,14645,8,1453.2
US,1933,George,M,18359,8,1852.2
US,1933,Shirley,F,14315,9,1420.5
US,1933,Joseph,M,17156,9,1730.8
US,1933,Doris,F,12021,10,1192.9
US,1933,Thomas,M,16501,10,1664.7
US,1934,Mary,F,56921,1,5451.9
US,1934,Robert,M,55827,1,5407.9
US,1934,Betty,F,31078,2,2976.6
US,1934,James,M,54239,2,5254.1
US,1934,Barbara,F,29231,3,2799.7
US,1934,John,M,46733,3,4527.0
US,1934,Shirley,F,22839,4,2187.5
US,1934,William,M,40164,4,3890.6
US,1934,Dorothy,F,21280,5,2038.2
US,1934,Richard,M,33152,5,3211.4
US,1934,Patricia,F,20847,6,1996.7
US,1934,Donald,M,30405,6,2945.3
US,1934,Joan,F,19464,7,1864.3
US,1934,Charles,M,29789,7,2885.6
US,1934,Margaret,F,15146,8,1450.7
US,1934,George,M,18494,8,1791.5
US,1934,Helen,F,14099,9,1350.4
US,1934,Thomas,M,17367,9,1682.3
US,1934,Nancy,F,13517,10,1294.7
US,1934,Joseph,M,17103,10,1656.7
US,1935,Mary,F,55072,1,5252.6
US,1935,Robert,M,56520,1,5429.5
US,1935,Shirley,F,42354,2,4039.6
US,1935,James,M,54991,2,5282.6
US,1935,Barbara,F,30693,3,2927.4
US,1935,John,M,47489,3,4561.9
US,1935,Betty,F,28673,4,2734.8
US,1935,William,M,40195,4,3861.2
US,1935,Patricia,F,22876,5,2181.9
US,1935,Richard,M,33938,5,3260.2
US,1935,Dorothy,F,19400,6,1850.3
US,1935,Charles,M,29970,6,2879.0
US,1935,Joan,F,18222,7,1738.0
US,1935,Donald,M,29655,7,2848.7
US,1935,Margaret,F,14718,8,1403.8
US,1935,George,M,18554,8,1782.3
US,1935,Nancy,F,14542,9,1387.0
US,1935,Thomas,M,17677,9,1698.1
US,1935,Helen,F,12778,10,1218.7
US,1935,Joseph,M,17183,10,1650.6
US,1936,Mary,F,54362,1,5225.9
US,1936,Robert,M,58489,1,5640.2
US,1936,Shirley,F,35161,2,3380.1
US,1936,James,M,54674,2,5272.3
US,1936,Barbara,F,31679,3,3045.3
US,1936,John,M,47665,3,4596.4
US,1936,Betty,F,25863,4,2486.2
US,1936,William,M,39386,4,3798.0
US,1936,Patricia,F,23912,5,2298.7
US,1936,Richard,M,33484,5,3228.9
US,1936,Dorothy,F,17668,6,1698.4
US,1936,Charles,M,29081,6,2804.3
US,1936,Joan,F,17067,7,1640.7
US,1936,Donald,M,28633,7,2761.1
US,1936,Nancy,F,16756,8,1610.8
US,1936,Thomas,M,18340,8,1768.5
US,1936,Margaret,F,14594,9,1402.9
US,1936,George,M,18192,9,1754.3
US,1936,Carol,F,14521,10,1395.9
US,1936,David,M,17476,10,1685.2
US,1937,Mary,F,55642,1,5230.1
US,1937,Robert,M,61821,1,5797.3
US,1937,Barbara,F,34909,2,3281.3
US,1937,James,M,56552,2,5303.2
US,1937,Patricia,F,26837,3,2522.6
US,1937,John,M,48745,3,4571.1
US,1937,Shirley,F,26812,4,2520.2
US,1937,William,M,40704,4,3817.0
US,1937,Betty,F,25328,5,2380.7
US,1937,Richard,M,32972,5,3092.0
US,1937,Carol,F,17335,6,1629.4
US,1937,Charles,M,30515,6,2861.6
US,1937,Nancy,F,17067,7,1604.2
US,1937,Donald,M,27862,7,2612.8
US,1937,Dorothy,F,16571,8,1557.6
US,1937,David,M,20975,8,1966.9
US,1937,Joan,F,15297,9,1437.9
US,1937,Thomas,M,19774,9,1854.3
US,1937,Margaret,F,15144,10,1423.5
US,1937,George,M,18429,10,1728.2
US,1938,Mary,F,56215,1,5095.1
US,1938,Robert,M,62262,1,5614.9
US,1938,Barbara,F,39273,2,3559.6
US,1938,James,M,59093,2,5329.1
US,1938,Patricia,F,27555,3,2497.5
US,1938,John,M,50507,3,4554.8
US,1938,Betty,F,25502,4,2311.4
US,1938,William,M,42422,4,3825.7
US,1938,Shirley,F,23770,5,2154.4
US,1938,Richard,M,34383,5,3100.7
US,1938,Carol,F,19423,6,1760.4
US,1938,Charles,M,31133,6,2807.6
US,1938,Nancy,F,18947,7,1717.3
US,1938,Donald,M,26660,7,2404.2
US,1938,Dorothy,F,16348,8,1481.7
US,1938,David,M,22991,8,2073.4
US,1938,Margaret,F,15329,9,1389.4
US,1938,Thomas,M,21375,9,1927.6
US,1938,Joan,F,14301,10,1296.2
US,1938,Ronald,M,20291,10,1829.9
US,1939,Mary,F,54901,1,5006.7
US,1939,Robert,M,59646,1,5389.9
US,1939,Barbara,F,37259,2,3397.8
US,1939,James,M,59630,2,5388.5
US,1939,Patricia,F,29704,3,2708.9
US,1939,John,M,51021,3,4610.5
US,1939,Betty,F,23639,4,2155.8
US,1939,William,M,42076,4,3802.2
US,1939,Shirley,F,20447,5,1864.7
US,1939,Richard,M,35371,5,3196.3
US,1939,Carol,F,20168,6,1839.2
US,1939,Charles,M,30784,6,2781.8
US,1939,Nancy,F,19726,7,1798.9
US,1939,David,M,25360,7,2291.7
US,1939,Judith,F,16626,8,1516.2
US,1939,Donald,M,24057,8,2173.9
US,1939,Dorothy,F,15170,9,1383.4
US,1939,Thomas,M,22125,9,1999.3
US,1939,Margaret,F,14950,10,1363.4
US,1939,Ronald,M,19833,10,1792.2
US,1940,Mary,F,56196,1,4915.0
US,1940,James,M,62473,1,5390.5
US,1940,Barbara,F,36732,2,3212.6
US,1940,Robert,M,61194,2,5280.2
US,1940,Patricia,F,32661,3,2856.6
US,1940,John,M,54766,3,4725.5
US,1940,Judith,F,22380,4,1957.4
US,1940,William,M,44775,4,3863.4
US,1940,Betty,F,22074,5,1930.6
US,1940,Richard,M,37418,5,3228.6
US,1940,Carol,F,21760,6,1903.2
US,1940,Charles,M,31679,6,2733.4
US,1940,Nancy,F,19731,7,1725.7
US,1940,David,M,27685,7,2388.8
US,1940,Linda,F,18368,8,1606.5
US,1940,Thomas,M,23985,8,2069.6
US,1940,Shirley,F,17876,9,1563.5
US,1940,Donald,M,23106,9,1993.7
US,1940,Sandra,F,16151,10,1412.6
US,1940,Ronald,M,20730,10,1788.7
US,1941,Mary,F,58035,1,4804.5
US,1941,James,M,66721,1,5433.3
US,1941,Barbara,F,39535,2,3272.9
US,1941,Robert,M,64232,2,5230.6
US,1941,Patricia,F,36901,3,3054.9
US,1941,John,M,57510,3,4683.2
US,1941,Carol,F,24181,4,2001.8
US,1941,William,M,47787,4,3891.4
US,1941,Linda,F,23715,5,1963.3
US,1941,Richard,M,39102,5,3184.2
US,1941,Judith,F,23314,6,1930.1
US,1941,Charles,M,32730,6,2665.3
US,1941,Betty,F,20900,7,1730.2
US,1941,David,M,30550,7,2487.8
US,1941,Nancy,F,20880,8,1728.6
US,1941,Thomas,M,26640,8,2169.4
US,1941,Sandra,F,19499,9,1614.2
US,1941,Ronald,M,24394,9,1986.5
US,1941,Shirley,F,16950,10,1403.2
US,1941,Donald,M,22624,10,1842.3
US,1942,Mary,F,63241,1,4682.5
US,1942,James,M,77178,1,5589.3
US,1942,Barbara,F,44734,2,3312.2
US,1942,Robert,M,71838,2,5202.6
US,1942,Patricia,F,39454,3,2921.3
US,1942,John,M,66023,3,4781.5
US,1942,Linda,F,31611,4,2340.6
US,1942,William,M,54878,4,3974.3
US,1942,Carol,F,30269,5,2241.2
US,1942,Richard,M,43582,5,3156.3
US,1942,Sandra,F,24990,6,1850.3
US,1942,David,M,35894,6,2599.5
US,1942,Judith,F,24787,7,1835.3
US,1942,Charles,M,35842,7,2595.7
US,1942,Nancy,F,23324,8,1727.0
US,1942,Thomas,M,31102,8,2252.4
US,1942,Betty,F,21654,9,1603.3
US,1942,Ronald,M,27128,9,1964.6
US,1942,Carolyn,F,19980,10,1479.4
US,1942,Donald,M,23949,10,1734.4
US,1943,Mary,F,66172,1,4743.1
US,1943,James,M,80252,1,5624.2
US,1943,Barbara,F,43429,2,3112.9
US,1943,Robert,M,74856,2,5246.0
US,1943,Patricia,F,39620,3,2839.9
US,1943,John,M,68926,3,4830.4
US,1943,Linda,F,38437,4,2755.1
US,1943,William,M,55892,4,3917.0
US,1943,Carol,F,31680,5,2270.8
US,1943,Richard,M,46333,5,3247.1
US,1943,Sandra,F,25988,6,1862.8
US,1943,David,M,37239,6,2609.8
US,1943,Judith,F,25210,7,1807.0
US,1943,Charles,M,36626,7,2566.8
US,1943,Sharon,F,24710,8,1771.2
US,1943,Thomas,M,32864,8,2303.2
US,1943,Nancy,F,23991,9,1719.6
US,1943,Ronald,M,29234,9,2048.8
US,1943,Betty,F,21595,10,1547.9
US,1943,Michael,M,24745,10,1734.2
US,1944,Mary,F,62463,1,4706.6
US,1944,James,M,76950,1,5647.3
US,1944,Barbara,F,39191,2,2953.1
US,1944,Robert,M,70846,2,5199.3
US,1944,Linda,F,38411,3,2894.3
US,1944,John,M,66610,3,4888.4
US,1944,Patricia,F,36872,4,2778.3
US,1944,William,M,52356,4,3842.3
US,1944,Carol,F,30457,5,2295.0
US,1944,Richard,M,45634,5,3349.0
US,1944,Sandra,F,26022,6,1960.8
US,1944,David,M,37378,6,2743.1
US,1944,Nancy,F,23212,7,1749.0
US,1944,Charles,M,34645,7,2542.6
US,1944,Judith,F,22433,8,1690.3
US,1944,Thomas,M,31597,8,2318.9
US,1944,Sharon,F,22428,9,1690.0
US,1944,Michael,M,26728,9,1961.5
US,1944,Betty,F,19757,10,1488.7
US,1944,Ronald,M,25510,10,1872.1
US,1945,Mary,F,59287,1,4536.1
US,1945,James,M,74449,1,5532.5
US,1945,Linda,F,41464,2,3172.4
US,1945,Robert,M,69930,2,5196.7
US,1945,Barbara,F,38274,3,2928.3
US,1945,John,M,66122,3,4913.7
US,1945,Patricia,F,35840,4,2742.1
US,1945,William,M,50210,4,3731.3
US,1945,Carol,F,30389,5,2325.1
US,1945,Richard,M,46047,5,3421.9
US,1945,Sandra,F,24703,6,1890.0
US,1945,David,M,37096,6,2756.7
US,1945,Nancy,F,21453,7,1641.4
US,1945,Charles,M,32461,7,2412.3
US,1945,Sharon,F,20833,8,1593.9
US,1945,Thomas,M,31882,8,2369.2
US,1945,Judith,F,20186,9,1544.4
US,1945,Michael,M,29909,9,2222.6
US,1945,Susan,F,19222,10,1470.7
US,1945,Ronald,M,23668,10,1758.8
US,1946,Mary,F,67464,1,4293.8
US,1946,James,M,87423,1,5384.1
US,1946,Linda,F,52708,2,3354.6
US,1946,Robert,M,84129,2,5181.2
US,1946,Patricia,F,46295,3,2946.5
US,1946,John,M,79256,3,4881.1
US,1946,Barbara,F,45121,4,2871.7
US,1946,William,M,60034,4,3697.3
US,1946,Carol,F,34281,5,2181.8
US,1946,Richard,M,58860,5,3625.0
US,1946,Sandra,F,31690,6,2016.9
US,1946,David,M,46432,6,2859.6
US,1946,Nancy,F,28345,7,1804.0
US,1946,Michael,M,41181,7,2536.2
US,1946,Susan,F,28269,8,1799.2
US,1946,Thomas,M,38867,8,2393.7
US,1946,Sharon,F,27825,9,1770.9
US,1946,Charles,M,38197,9,2352.4
US,1946,Judith,F,22305,10,1419.6
US,1946,Ronald,M,31844,10,1961.2
US,1947,Linda,F,99680,1,5623.2
US,1947,James,M,94763,1,5180.3
US,1947,Mary,F,71685,2,4043.9
US,1947,Robert,M,91646,2,5009.9
US,1947,Patricia,F,51274,3,2892.5
US,1947,John,M,88325,3,4828.4
US,1947,Barbara,F,48791,4,2752.4
US,1947,William,M,66974,4,3661.2
US,1947,Sandra,F,34774,5,1961.7
US,1947,Richard,M,58508,5,3198.4
US,1947,Carol,F,33535,6,1891.8
US,1947,David,M,57799,6,3159.6
US,1947,Nancy,F,32442,7,1830.1
US,1947,Michael,M,50499,7,2760.6
US,1947,Susan,F,31954,8,1802.6
US,1947,Thomas,M,44831,8,2450.7
US,1947,Sharon,F,28535,9,1609.7
US,1947,Charles,M,40772,9,2228.8
US,1947,Donna,F,23517,10,1326.7
US,1947,Larry,M,34939,10,1910.0
US,1948,Linda,F,96211,1,5666.8
US,1948,James,M,88588,1,5049.4
US,1948,Mary,F,68592,2,4040.0
US,1948,Robert,M,85477,2,4872.0
US,1948,Barbara,F,46827,3,2758.1
US,1948,John,M,82836,3,4721.5
US,1948,Patricia,F,46135,4,2717.3
US,1948,William,M,61975,4,3532.5
US,1948,Susan,F,35984,5,2119.4
US,1948,David,M,56610,5,3226.7
US,1948,Sandra,F,31062,6,1829.5
US,1948,Michael,M,52566,6,2996.2
US,1948,Nancy,F,29411,7,1732.3
US,1948,Richard,M,50967,7,2905.0
US,1948,Carol,F,28982,8,1707.0
US,1948,Thomas,M,43786,8,2495.7
US,1948,Sharon,F,26141,9,1539.7
US,1948,Charles,M,38679,9,2204.6
US,1948,Kathleen,F,23256,10,1369.8
US,1948,Ronald,M,33514,10,1910.2
US,1949,Linda,F,91010,1,5319.6
US,1949,James,M,86850,1,4896.4
US,1949,Mary,F,66864,2,3908.3
US,1949,Robert,M,83857,2,4727.7
US,1949,Patricia,F,46337,3,2708.4
US,1949,John,M,81152,3,4575.2
US,1949,Barbara,F,42596,4,2489.8
US,1949,William,M,61503,4,3467.4
US,1949,Susan,F,37708,5,2204.1
US,1949,Michael,M,60043,5,3385.1
US,1949,Sandra,F,30646,6,1791.3
US,1949,David,M,59611,6,3360.7
US,1949,Nancy,F,29241,7,1709.2
US,1949,Richard,M,50934,7,2871.5
US,1949,Carol,F,26782,8,1565.4
US,1949,Thomas,M,45205,8,2548.5
US,1949,Kathleen,F,26352,9,1540.3
US,1949,Charles,M,40040,9,2257.4
US,1949,Sharon,F,25711,10,1502.8
US,1949,Larry,M,31810,10,1793.4
US,1950,Linda,F,80439,1,4694.6
US,1950,James,M,86266,1,4815.4
US,1950,Mary,F,65485,2,3821.8
US,1950,Robert,M,83590,2,4666.0
US,1950,Patricia,F,47952,3,2798.6
US,1950,John,M,79447,3,4434.7
US,1950,Barbara,F,41570,4,2426.1
US,1950,Michael,M,65185,4,3638.6
US,1950,Susan,F,38021,5,2219.0
US,1950,David,M,60761,5,3391.7
US,1950,Nancy,F,29622,6,1728.8
US,1950,William,M,60722,6,3389.5
US,1950,Deborah,F,29073,7,1696.8
US,1950,Richard,M,51028,7,2848.4
US,1950,Sandra,F,28895,8,1686.4
US,1950,Thomas,M,45635,8,2547.3
US,1950,Carol,F,26162,9,1526.9
US,1950,Charles,M,39132,9,2184.3
US,1950,Kathleen,F,25706,10,1500.2
US,1950,Gary,M,33763,10,1884.6
US,1951,Linda,F,73947,1,4107.5
US,1951,James,M,87198,1,4634.0
US,1951,Mary,F,65693,2,3649.0
US,1951,Robert,M,86324,2,4587.5
US,1951,Patricia,F,56433,3,3134.7
US,1951,John,M,81529,3,4332.7
US,1951,Deborah,F,42045,4,2335.5
US,1951,Michael,M,72769,4,3867.2
US,1951,Barbara,F,40596,5,2255.0
US,1951,David,M,64761,5,3441.6
US,1951,Susan,F,40214,6,2233.8
US,1951,William,M,62752,6,3334.8
US,1951,Nancy,F,30340,7,1685.3
US,1951,Richard,M,54520,7,2897.4
US,1951,Karen,F,27993,8,1554.9
US,1951,Thomas,M,48246,8,2563.9
US,1951,Sandra,F,27657,9,1536.3
US,1951,Charles,M,39365,9,2092.0
US,1951,Kathleen,F,26709,10,1483.6
US,1951,Gary,M,38140,10,2026.9
US,1952,Linda,F,67092,1,3617.9
US,1952,James,M,87076,1,4479.8
US,1952,Mary,F,65660,2,3540.6
US,1952,Robert,M,86568,2,4453.7
US,1952,Patricia,F,53090,3,2862.8
US,1952,John,M,83107,3,4275.6
US,1952,Deborah,F,49809,4,2685.9
US,1952,Michael,M,79009,4,4064.8
US,1952,Susan,F,41339,5,2229.2
US,1952,David,M,71750,5,3691.3
US,1952,Barbara,F,39878,6,2150.4
US,1952,William,M,62998,6,3241.1
US,1952,Nancy,F,31730,7,1711.0
US,1952,Richard,M,58333,7,3001.1
US,1952,Karen,F,28959,8,1561.6
US,1952,Thomas,M,48618,8,2501.3
US,1952,Debra,F,26831,9,1446.8
US,1952,Charles,M,38864,9,1999.4
US,1952,Sandra,F,26084,10,1406.6
US,1952,Gary,M,38733,10,1992.7
US,1953,Mary,F,64368,1,3422.2
US,1953,Robert,M,86191,1,4372.7
US,1953,Linda,F,61264,2,3257.2
US,1953,James,M,86000,2,4363.0
US,1953,Deborah,F,52196,3,2775.0
US,1953,Michael,M,84201,3,4271.7
US,1953,Patricia,F,51007,4,2711.8
US,1953,John,M,80123,4,4064.8
US,1953,Susan,F,44283,5,2354.3
US,1953,David,M,76079,5,3859.7
US,1953,Barbara,F,38451,6,2044.3
US,1953,William,M,61807,6,3135.6
US,1953,Debra,F,36862,7,1959.8
US,1953,Richard,M,58317,7,2958.5
US,1953,Nancy,F,30609,8,1627.4
US,1953,Thomas,M,46991,8,2384.0
US,1953,Karen,F,29849,9,1586.9
US,1953,Charles,M,38380,9,1947.1
US,1953,Pamela,F,25755,10,1369.3
US,1953,Gary,M,36952,10,1874.7
US,1954,Mary,F,67987,1,3501.5
US,1954,Michael,M,88493,1,4343.2
US,1954,Linda,F,55371,2,2851.8
US,1954,Robert,M,86268,2,4234.0
US,1954,Deborah,F,54674,3,2815.9
US,1954,James,M,86267,3,4233.9
US,1954,Patricia,F,49133,4,2530.5
US,1954,John,M,81140,4,3982.3
US,1954,Susan,F,47158,5,2428.8
US,1954,David,M,79523,5,3902.9
US,1954,Debra,F,45881,6,2363.0
US,1954,William,M,61405,6,3013.7
US,1954,Barbara,F,36375,7,1873.4
US,1954,Richard,M,57005,7,2797.8
US,1954,Karen,F,32456,8,1671.6
US,1954,Thomas,M,47135,8,2313.4
US,1954,Nancy,F,30259,9,1558.4
US,1954,Gary,M,37895,9,1859.9
US,1954,Cynthia,F,27612,10,1422.1
US,1954,Charles,M,37440,10,1837.5
US,1955,Mary,F,63167,1,3231.5
US,1955,Michael,M,88286,1,4289.8
US,1955,Deborah,F,52314,2,2676.3
US,1955,David,M,86200,2,4188.5
US,1955,Linda,F,51279,3,2623.3
US,1955,James,M,84133,3,4088.0
US,1955,Debra,F,50541,4,2585.6
US,1955,Robert,M,83676,4,4065.8
US,1955,Susan,F,47391,5,2424.4
US,1955,John,M,80019,5,3888.1
US,1955,Patricia,F,46210,6,2364.0
US,1955,William,M,59932,6,2912.1
US,1955,Barbara,F,33596,7,1718.7
US,1955,Richard,M,53531,7,2601.1
US,1955,Karen,F,33215,8,1699.2
US,1955,Thomas,M,45810,8,2225.9
US,1955,Nancy,F,30009,9,1535.2
US,1955,Mark,M,42215,9,2051.2
US,1955,Donna,F,27938,10,1429.3
US,1955,Steven,M,37806,10,1837.0
US,1956,Mary,F,61753,1,3076.1
US,1956,Michael,M,90623,1,4287.3
US,1956,Debra,F,48298,2,2405.9
US,1956,James,M,84858,2,4014.6
US,1956,Linda,F,48067,3,2394.4
US,1956,Robert,M,83910,3,3969.7
US,1956,Deborah,F,47829,4,2382.5
US,1956,David,M,81600,4,3860.4
US,1956,Susan,F,46558,5,2319.2
US,1956,John,M,80763,5,3820.8
US,1956,Patricia,F,43332,6,2158.5
US,1956,William,M,58945,6,2788.6
US,1956,Karen,F,40045,7,1994.8
US,1956,Richard,M,52878,7,2501.6
US,1956,Cynthia,F,32347,8,1611.3
US,1956,Mark,M,48804,8,2308.9
US,1956,Barbara,F,32303,9,1609.1
US,1956,Thomas,M,44805,9,2119.7
US,1956,Donna,F,29844,10,1486.6
US,1956,Steven,M,38381,10,1815.8
US,1957,Mary,F,61095,1,2988.7
US,1957,Michael,M,92726,1,4301.0
US,1957,Susan,F,45946,2,2247.6
US,1957,James,M,84257,2,3908.2
US,1957,Linda,F,44495,3,2176.6
US,1957,David,M,82371,3,3820.7
US,1957,Debra,F,42729,4,2090.2
US,1957,Robert,M,81707,4,3789.9
US,1957,Karen,F,40584,5,1985.3
US,1957,John,M,78985,5,3663.6
US,1957,Deborah,F,40065,6,1959.9
US,1957,William,M,56826,6,2635.8
US,1957,Cynthia,F,39315,7,1923.2
US,1957,Mark,M,52816,7,2449.8
US,1957,Patricia,F,39277,8,1921.4
US,1957,Richard,M,52404,8,2430.7
US,1957,Barbara,F,29683,9,1452.0
US,1957,Thomas,M,44578,9,2067.7
US,1957,Donna,F,28048,10,1372.1
US,1957,Steven,M,36829,10,1708.3
US,1958,Mary,F,55850,1,2777.3
US,1958,Michael,M,90517,1,4268.0
US,1958,Susan,F,45172,2,2246.3
US,1958,David,M,82585,2,3894.0
US,1958,Linda,F,41898,3,2083.5
US,1958,James,M,78723,3,3711.9
US,1958,Karen,F,38465,4,1912.8
US,1958,Robert,M,77295,4,3644.5
US,1958,Patricia,F,37932,5,1886.3
US,1958,John,M,75990,5,3583.0
US,1958,Debra,F,35523,6,1766.5
US,1958,William,M,54210,6,2556.1
US,1958,Deborah,F,32936,7,1637.8
US,1958,Mark,M,52671,7,2483.5
US,1958,Cynthia,F,31000,8,1541.6
US,1958,Richard,M,49957,8,2355.5
US,1958,Barbara,F,27882,9,1386.5
US,1958,Thomas,M,42067,9,1983.5
US,1958,Donna,F,26944,10,1339.9
US,1958,Steven,M,32952,10,1553.7
US,1959,Mary,F,54474,1,2692.6
US,1959,Michael,M,85275,1,3996.9
US,1959,Susan,F,41606,2,2056.6
US,1959,David,M,83925,2,3933.6
US,1959,Linda,F,40409,3,1997.4
US,1959,James,M,78599,3,3684.0
US,1959,Karen,F,36773,4,1817.7
US,1959,John,M,76425,4,3582.1
US,1959,Donna,F,36462,5,1802.3
US,1959,Robert,M,74503,5,3492.0
US,1959,Patricia,F,35221,6,1741.0
US,1959,Mark,M,56924,6,2668.1
US,1959,Debra,F,31372,7,1550.7
US,1959,William,M,51376,7,2408.0
US,1959,Cynthia,F,30172,8,1491.4
US,1959,Richard,M,47176,8,2211.2
US,1959,Deborah,F,29552,9,1460.7
US,1959,Thomas,M,40284,9,1888.1
US,1959,Lisa,F,25692,10,1269.9
US,1959,Steven,M,33580,10,1573.9
US,1960,Mary,F,51477,1,2545.7
US,1960,David,M,85936,1,4029.3
US,1960,Susan,F,39201,2,1938.6
US,1960,Michael,M,84202,2,3948.0
US,1960,Linda,F,37314,3,1845.3
US,1960,James,M,76863,3,3603.9
US,1960,Karen,F,36379,4,1799.1
US,1960,John,M,76124,4,3569.3
US,1960,Donna,F,34134,5,1688.0
US,1960,Robert,M,72385,5,3394.0
US,1960,Lisa,F,33704,6,1666.8
US,1960,Mark,M,58735,6,2753.9
US,1960,Patricia,F,32107,7,1587.8
US,1960,William,M,49353,7,2314.0
US,1960,Debra,F,26738,8,1322.3
US,1960,Richard,M,43568,8,2042.8
US,1960,Cynthia,F,26725,9,1321.6
US,1960,Thomas,M,39293,9,1842.4
US,1960,Deborah,F,25269,10,1249.6
US,1960,Steven,M,33903,10,1589.6
US,1961,Mary,F,47669,1,2362.9
US,1961,Michael,M,86922,1,4095.1
US,1961,Lisa,F,42700,2,2116.6
US,1961,David,M,84769,2,3993.6
US,1961,Susan,F,37522,3,1859.9
US,1961,John,M,79910,3,3764.7
US,1961,Linda,F,35574,4,1763.3
US,1961,James,M,75907,4,3576.1
US,1961,Karen,F,34690,5,1719.5
US,1961,Robert,M,72912,5,3435.0
US,1961,Patricia,F,28867,6,1430.9
US,1961,Mark,M,57758,6,2721.1
US,1961,Donna,F,28667,7,1421.0
US,1961,William,M,48010,7,2261.8
US,1961,Cynthia,F,24378,8,1208.4
US,1961,Richard,M,41116,8,1937.1
US,1961,Sandra,F,24141,9,1196.6
US,1961,Thomas,M,37548,9,1769.0
US,1961,Deborah,F,24092,10,1194.2
US,1961,Steven,M,32242,10,1519.0
US,1962,Lisa,F,46081,1,2343.2
US,1962,Michael,M,85049,1,4110.7
US,1962,Mary,F,43493,2,2211.6
US,1962,David,M,81332,2,3931.1
US,1962,Susan,F,35750,3,1817.8
US,1962,John,M,78450,3,3791.8
US,1962,Karen,F,35184,4,1789.1
US,1962,James,M,72571,4,3507.6
US,1962,Linda,F,31462,5,1599.8
US,1962,Robert,M,70212,5,3393.6
US,1962,Patricia,F,26538,6,1349.4
US,1962,Mark,M,53520,6,2586.8
US,1962,Donna,F,25727,7,1308.2
US,1962,William,M,44862,7,2168.3
US,1962,Cynthia,F,24021,8,1221.4
US,1962,Richard,M,39420,8,1905.3
US,1962,Deborah,F,22893,9,1164.1
US,1962,Thomas,M,36531,9,1765.7
US,1962,Sandra,F,22415,10,1139.8
US,1962,Jeffrey,M,33525,10,1620.4
US,1963,Lisa,F,56037,1,2907.6
US,1963,Michael,M,83796,1,4124.3
US,1963,Mary,F,41551,2,2156.0
US,1963,John,M,78645,2,3870.8
US,1963,Susan,F,33994,3,1763.9
US,1963,David,M,78478,3,3862.6
US,1963,Karen,F,32487,4,1685.7
US,1963,James,M,71331,4,3510.8
US,1963,Linda,F,27715,5,1438.1
US,1963,Robert,M,70021,5,3446.3
US,1963,Donna,F,25399,6,1317.9
US,1963,Mark,M,49363,6,2429.6
US,1963,Patricia,F,25363,7,1316.0
US,1963,William,M,44486,7,2189.5
US,1963,Lori,F,23908,8,1240.5
US,1963,Richard,M,40782,8,2007.2
US,1963,Sandra,F,21612,9,1121.4
US,1963,Thomas,M,35510,9,1747.8
US,1963,Cynthia,F,21593,10,1120.4
US,1963,Jeffrey,M,31721,10,1561.3
US,1964,Lisa,F,54277,1,2864.7
US,1964,Michael,M,82671,1,4147.3
US,1964,Mary,F,40985,2,2163.2
US,1964,John,M,82541,2,4140.8
US,1964,Susan,F,31515,3,1663.3
US,1964,David,M,75065,3,3765.8
US,1964,Karen,F,30247,4,1596.4
US,1964,James,M,73052,4,3664.8
US,1964,Patricia,F,26087,5,1376.9
US,1964,Robert,M,69998,5,3511.6
US,1964,Kimberly,F,24128,6,1273.5
US,1964,Mark,M,45284,6,2271.8
US,1964,Donna,F,23809,7,1256.6
US,1964,William,M,44250,7,2219.9
US,1964,Linda,F,23633,8,1247.3
US,1964,Richard,M,40106,8,2012.0
US,1964,Cynthia,F,20323,9,1072.6
US,1964,Thomas,M,34467,9,1729.1
US,1964,Tammy,F,20047,10,1058.1
US,1964,Jeffrey,M,30740,10,1542.1
US,1965,Lisa,F,60271,1,3414.7
US,1965,Michael,M,81054,1,4354.5
US,1965,Mary,F,34274,2,1941.8
US,1965,John,M,71563,2,3844.6
US,1965,Karen,F,32874,3,1862.5
US,1965,David,M,67882,3,3646.9
US,1965,Kimberly,F,28833,4,1633.5
US,1965,James,M,67715,4,3637.9
US,1965,Susan,F,26332,5,1491.8
US,1965,Robert,M,63144,5,3392.3
US,1965,Patricia,F,23551,6,1334.3
US,1965,William,M,40147,6,2156.8
US,1965,Donna,F,19698,7,1116.0
US,1965,Mark,M,38273,7,2056.2
US,1965,Linda,F,19339,8,1095.7
US,1965,Richard,M,36856,8,1980.0
US,1965,Cynthia,F,19246,9,1090.4
US,1965,Thomas,M,31635,9,1699.5
US,1965,Angela,F,18753,10,1062.5
US,1965,Jeffrey,M,29594,10,1589.9
US,1966,Lisa,F,56913,1,3363.8
US,1966,Michael,M,79999,1,4484.3
US,1966,Kimberly,F,32230,2,1904.9
US,1966,David,M,66435,2,3724.0
US,1966,Mary,F,28886,3,1707.3
US,1966,James,M,65188,3,3654.1
US,1966,Michelle,F,27153,4,1604.9
US,1966,John,M,65064,4,3647.1
US,1966,Karen,F,25447,5,1504.0
US,1966,Robert,M,59344,5,3326.5
US,1966,Susan,F,23771,6,1405.0
US,1966,William,M,38270,6,2145.2
US,1966,Patricia,F,20115,7,1188.9
US,1966,Mark,M,34811,7,1951.3
US,1966,Tammy,F,18625,8,1100.8
US,1966,Richard,M,34471,8,1932.2
US,1966,Angela,F,18531,9,1095.3
US,1966,Jeffrey,M,30202,9,1692.9
US,1966,Jennifer,F,18217,10,1076.7
US,1966,Thomas,M,29016,10,1626.5
US,1967,Lisa,F,52435,1,3176.3
US,1967,Michael,M,82455,1,4726.6
US,1967,Kimberly,F,33099,2,2005.0
US,1967,David,M,66812,2,3829.8
US,1967,Michelle,F,30824,3,1867.2
US,1967,James,M,61694,3,3536.5
US,1967,Mary,F,25317,4,1533.6
US,1967,John,M,61633,4,3533.0
US,1967,Susan,F,22260,5,1348.4
US,1967,Robert,M,56387,5,3232.3
US,1967,Karen,F,21542,6,1304.9
US,1967,William,M,37625,6,2156.8
US,1967,Angela,F,19541,7,1183.7
US,1967,Mark,M,34938,7,2002.7
US,1967,Tammy,F,18652,8,1129.8
US,1967,Richard,M,33595,8,1925.8
US,1967,Melissa,F,18377,9,1113.2
US,1967,Christopher,M,29431,9,1687.1
US,1967,Jennifer,F,18239,10,1104.8
US,1967,Brian,M,28664,10,1643.1
US,1968,Lisa,F,49534,1,3020.1
US,1968,Michael,M,82019,1,4716.4
US,1968,Michelle,F,33219,2,2025.3
US,1968,David,M,63740,2,3665.3
US,1968,Kimberly,F,31910,3,1945.5
US,1968,John,M,60934,3,3504.0
US,1968,Jennifer,F,26849,4,1637.0
US,1968,James,M,60730,4,3492.2
US,1968,Melissa,F,21731,5,1324.9
US,1968,Robert,M,58223,5,3348.1
US,1968,Mary,F,21720,6,1324.3
US,1968,William,M,36965,6,2125.6
US,1968,Angela,F,20664,7,1259.9
US,1968,Mark,M,35429,7,2037.3
US,1968,Tammy,F,20054,8,1222.7
US,1968,Richard,M,32994,8,1897.3
US,1968,Karen,F,19557,9,1192.4
US,1968,Christopher,M,31479,9,1810.2
US,1968,Susan,F,19507,10,1189.3
US,1968,Brian,M,29950,10,1722.3
US,1969,Lisa,F,45028,1,2669.1
US,1969,Michael,M,85235,1,4762.5
US,1969,Michelle,F,34321,2,2034.4
US,1969,David,M,63720,2,3560.4
US,1969,Jennifer,F,33705,3,1997.9
US,1969,James,M,59935,3,3348.9
US,1969,Kimberly,F,33083,4,1961.1
US,1969,John,M,58789,4,3284.8
US,1969,Melissa,F,23025,5,1364.8
US,1969,Robert,M,58349,5,3260.3
US,1969,Amy,F,21468,6,1272.6
US,1969,William,M,37642,6,2103.2
US,1969,Angela,F,21053,7,1248.0
US,1969,Christopher,M,35712,7,1995.4
US,1969,Mary,F,19851,8,1176.7
US,1969,Mark,M,33402,8,1866.3
US,1969,Tammy,F,19052,9,1129.3
US,1969,Brian,M,31703,9,1771.4
US,1969,Laura,F,17920,10,1062.2
US,1969,Richard,M,31102,10,1737.8
US,1970,Jennifer,F,46160,1,2640.4
US,1970,Michael,M,85318,1,4587.9
US,1970,Lisa,F,38965,2,2228.8
US,1970,James,M,61784,2,3322.4
US,1970,Kimberly,F,34141,3,1952.9
US,1970,David,M,61773,3,3321.8
US,1970,Michelle,F,34053,4,1947.8
US,1970,John,M,58538,4,3147.8
US,1970,Amy,F,25212,5,1442.1
US,1970,Robert,M,57208,5,3076.3
US,1970,Angela,F,24926,6,1425.8
US,1970,Christopher,M,41792,6,2247.3
US,1970,Melissa,F,23742,7,1358.0
US,1970,William,M,38912,7,2092.4
US,1970,Tammy,F,19588,8,1120.4
US,1970,Brian,M,31942,8,1717.6
US,1970,Mary,F,19204,9,1098.5
US,1970,Mark,M,31504,9,1694.1
US,1970,Tracy,F,18467,10,1056.3
US,1970,Richard,M,30468,10,1638.4
US,1971,Jennifer,F,56785,1,3413.4
US,1971,Michael,M,77606,1,4386.3
US,1971,Michelle,F,33157,2,1993.1
US,1971,James,M,54611,2,3086.6
US,1971,Lisa,F,32907,3,1978.1
US,1971,David,M,53133,3,3003.1
US,1971,Kimberly,F,30695,4,1845.1
US,1971,John,M,51520,4,2911.9
US,1971,Amy,F,26238,5,1577.2
US,1971,Robert,M,50653,5,2862.9
US,1971,Angela,F,25886,6,1556.1
US,1971,Christopher,M,48250,6,2727.1
US,1971,Melissa,F,23872,7,1435.0
US,1971,William,M,35439,7,2003.0
US,1971,Tammy,F,17656,8,1061.3
US,1971,Jason,M,34193,8,1932.6
US,1971,Mary,F,16698,9,1003.7
US,1971,Brian,M,32652,9,1845.5
US,1971,Julie,F,15329,10,921.5
US,1971,Scott,M,30923,10,1747.8
US,1972,Jennifer,F,63610,1,4181.5
US,1972,Michael,M,71425,1,4401.5
US,1972,Michelle,F,29284,2,1925.0
US,1972,Christopher,M,52192,2,3216.3
US,1972,Lisa,F,27547,3,1810.8
US,1972,James,M,47088,3,2901.8
US,1972,Kimberly,F,26297,4,1728.7
US,1972,David,M,46383,4,2858.3
US,1972,Amy,F,25872,5,1700.7
US,1972,John,M,43185,5,2661.2
US,1972,Angela,F,23558,6,1548.6
US,1972,Robert,M,43033,6,2651.9
US,1972,Melissa,F,22498,7,1478.9
US,1972,Jason,M,37446,7,2307.6
US,1972,Stephanie,F,16886,8,1110.0
US,1972,Brian,M,36325,8,2238.5
US,1972,Heather,F,16325,9,1073.1
US,1972,William,M,30531,9,1881.5
US,1972,Nicole,F,15753,10,1035.5
US,1972,Matthew,M,22947,10,1414.1
US,1973,Jennifer,F,62455,1,4283.2
US,1973,Michael,M,67869,1,4352.2
US,1973,Amy,F,26965,2,1849.3
US,1973,Christopher,M,48324,2,3098.9
US,1973,Michelle,F,26932,3,1847.0
US,1973,Jason,M,46689,3,2994.0
US,1973,Kimberly,F,23531,4,1613.8
US,1973,James,M,42892,4,2750.5
US,1973,Lisa,F,22667,5,1554.5
US,1973,David,M,41112,5,2636.4
US,1973,Melissa,F,22485,6,1542.0
US,1973,John,M,39180,6,2512.5
US,1973,Angela,F,20893,7,1432.8
US,1973,Robert,M,38722,7,2483.1
US,1973,Heather,F,19352,8,1327.2
US,1973,Brian,M,35717,8,2290.4
US,1973,Stephanie,F,17262,9,1183.8
US,1973,William,M,28027,9,1797.3
US,1973,Rebecca,F,14870,10,1019.8
US,1973,Matthew,M,24557,10,1574.8
US,1974,Jennifer,F,63116,1,4301.1
US,1974,Michael,M,67585,1,4296.0
US,1974,Amy,F,29567,2,2014.9
US,1974,Jason,M,54778,2,3482.0
US,1974,Michelle,F,25826,3,1759.9
US,1974,Christopher,M,48619,3,3090.5
US,1974,Heather,F,23184,4,1579.9
US,1974,David,M,41807,4,2657.5
US,1974,Angela,F,22799,5,1553.6
US,1974,James,M,41363,5,2629.2
US,1974,Kimberly,F,22421,6,1527.9
US,1974,John,M,37655,6,2393.5
US,1974,Melissa,F,22168,7,1510.6
US,1974,Robert,M,37043,7,2354.6
US,1974,Lisa,F,19776,8,1347.6
US,1974,Brian,M,34469,8,2191.0
US,1974,Stephanie,F,16983,9,1157.3
US,1974,Matthew,M,27229,9,1730.8
US,1974,Rebecca,F,15169,10,1033.7
US,1974,William,M,26995,10,1715.9
US,1975,Jennifer,F,58186,1,3991.5
US,1975,Michael,M,68462,1,4382.1
US,1975,Amy,F,32252,2,2212.5
US,1975,Jason,M,52196,2,3341.0
US,1975,Heather,F,24303,3,1667.2
US,1975,Christopher,M,46588,3,2982.0
US,1975,Melissa,F,24166,4,1657.8
US,1975,James,M,39595,4,2534.4
US,1975,Angela,F,23354,5,1602.1
US,1975,David,M,39175,5,2507.5
US,1975,Michelle,F,22666,6,1554.9
US,1975,Robert,M,35342,6,2262.2
US,1975,Kimberly,F,20261,7,1389.9
US,1975,John,M,35102,7,2246.8
US,1975,Lisa,F,18131,8,1243.8
US,1975,Brian,M,30606,8,1959.0
US,1975,Stephanie,F,15773,9,1082.0
US,1975,Matthew,M,28567,9,1828.5
US,1975,Nicole,F,14273,10,979.1
US,1975,William,M,25581,10,1637.4
US,1976,Jennifer,F,59478,1,4059.5
US,1976,Michael,M,66966,1,4265.4
US,1976,Amy,F,31343,2,2139.2
US,1976,Jason,M,52687,2,3355.9
US,1976,Melissa,F,25093,3,1712.6
US,1976,Christopher,M,45223,3,2880.5
US,1976,Heather,F,24204,4,1652.0
US,1976,David,M,39298,4,2503.1
US,1976,Angela,F,22043,5,1504.5
US,1976,James,M,38310,5,2440.2
US,1976,Michelle,F,19554,6,1334.6
US,1976,John,M,33995,6,2165.3
US,1976,Kimberly,F,18964,7,1294.3
US,1976,Robert,M,33814,7,2153.8
US,1976,Jessica,F,18370,8,1253.8
US,1976,Brian,M,30537,8,1945.1
US,1976,Lisa,F,17349,9,1184.1
US,1976,Matthew,M,29993,9,1910.4
US,1976,Amanda,F,15591,10,1064.1
US,1976,Daniel,M,24721,10,1574.6
US,1977,Jennifer,F,58965,1,3846.2
US,1977,Michael,M,67618,1,4113.5
US,1977,Melissa,F,26886,2,1753.7
US,1977,Jason,M,55653,2,3385.6
US,1977,Amy,F,26731,3,1743.6
US,1977,Christopher,M,46754,3,2844.3
US,1977,Jessica,F,24843,4,1620.5
US,1977,David,M,40548,4,2466.7
US,1977,Heather,F,23773,5,1550.7
US,1977,James,M,40057,5,2436.9
US,1977,Angela,F,20996,6,1369.5
US,1977,John,M,34236,6,2082.7
US,1977,Michelle,F,19539,7,1274.5
US,1977,Robert,M,34223,7,2081.9
US,1977,Kimberly,F,18285,8,1192.7
US,1977,Brian,M,32498,8,1977.0
US,1977,Amanda,F,18280,9,1192.4
US,1977,Matthew,M,31974,9,1945.1
US,1977,Kelly,F,18235,10,1189.4
US,1977,Joseph,M,26493,10,1611.7
US,1978,Jennifer,F,56316,1,3676.6
US,1978,Michael,M,67154,1,4088.8
US,1978,Melissa,F,28331,2,1849.6
US,1978,Jason,M,51619,2,3142.9
US,1978,Jessica,F,26105,3,1704.3
US,1978,Christopher,M,47251,3,2877.0
US,1978,Amy,F,23216,4,1515.6
US,1978,David,M,40699,4,2478.0
US,1978,Heather,F,22269,5,1453.8
US,1978,James,M,39912,5,2430.1
US,1978,Amanda,F,20522,6,1339.8
US,1978,Matthew,M,34312,6,2089.2
US,1978,Angela,F,20509,7,1338.9
US,1978,John,M,34032,7,2072.1
US,1978,Sarah,F,19978,8,1304.3
US,1978,Robert,M,33389,8,2033.0
US,1978,Michelle,F,18862,9,1231.4
US,1978,Brian,M,29455,9,1793.4
US,1978,Nicole,F,17272,10,1127.6
US,1978,Joseph,M,26673,10,1624.0
US,1979,Jennifer,F,56720,1,3533.7
US,1979,Michael,M,67734,1,3933.2
US,1979,Melissa,F,34050,2,2121.3
US,1979,Christopher,M,50676,2,2942.7
US,1979,Amanda,F,31927,3,1989.1
US,1979,Jason,M,50398,3,2926.5
US,1979,Jessica,F,27777,4,1730.5
US,1979,David,M,42076,4,2443.3
US,1979,Amy,F,21613,5,1346.5
US,1979,James,M,39370,5,2286.2
US,1979,Sarah,F,21017,6,1309.4
US,1979,Matthew,M,35658,6,2070.6
US,1979,Heather,F,20840,7,1298.3
US,1979,John,M,35436,7,2057.7
US,1979,Angela,F,20258,8,1262.1
US,1979,Robert,M,34025,8,1975.8
US,1979,Nicole,F,19509,9,1215.4
US,1979,Joshua,M,31132,9,1807.8
US,1979,Michelle,F,19267,10,1200.3
US,1979,Brian,M,28669,10,1664.8
US,1979,Joseph,M,28669,10,1664.8
US,1980,Jennifer,F,58381,1,3516.8
US,1980,Michael,M,68673,1,3849.2
US,1980,Amanda,F,35819,2,2157.7
US,1980,Christopher,M,49088,2,2751.4
US,1980,Jessica,F,33921,3,2043.4
US,1980,Jason,M,48173,3,2700.1
US,1980,Melissa,F,31632,4,1905.5
US,1980,David,M,41921,4,2349.7
US,1980,Sarah,F,25747,5,1551.0
US,1980,James,M,39312,5,2203.5
US,1980,Heather,F,19972,6,1203.1
US,1980,Matthew,M,37860,6,2122.1
US,1980,Nicole,F,19918,7,1199.8
US,1980,Joshua,M,36061,7,2021.3
US,1980,Amy,F,19832,8,1194.7
US,1980,John,M,35271,8,1977.0
US,1980,Elizabeth,F,19530,9,1176.5
US,1980,Robert,M,34273,9,1921.0
US,1980,Michelle,F,19121,10,1151.8
US,1980,Joseph,M,30193,10,1692.3
US,1981,Jennifer,F,57043,1,3420.6
US,1981,Michael,M,68765,1,3839.3
US,1981,Jessica,F,42527,2,2550.2
US,1981,Christopher,M,50224,2,2804.1
US,1981,Amanda,F,34373,3,2061.2
US,1981,Matthew,M,43326,3,2419.0
US,1981,Sarah,F,28171,4,1689.3
US,1981,Jason,M,41928,4,2340.9
US,1981,Melissa,F,28007,5,1679.5
US,1981,David,M,40646,5,2269.3
US,1981,Amy,F,20344,6,1219.9
US,1981,Joshua,M,39050,6,2180.2
US,1981,Nicole,F,20314,7,1218.1
US,1981,James,M,38306,7,2138.7
US,1981,Stephanie,F,20210,8,1211.9
US,1981,John,M,34880,8,1947.4
US,1981,Elizabeth,F,20171,9,1209.6
US,1981,Robert,M,34393,9,1920.2
US,1981,Heather,F,17944,10,1076.0
US,1981,Daniel,M,30990,10,1730.2
US,1982,Jennifer,F,57109,1,3373.6
US,1982,Michael,M,68216,1,3760.1
US,1982,Jessica,F,45445,2,2684.6
US,1982,Christopher,M,59222,2,3264.3
US,1982,Amanda,F,34210,3,2020.9
US,1982,Matthew,M,46054,3,2538.5
US,1982,Sarah,F,28482,4,1682.5
US,1982,Jason,M,40612,4,2238.5
US,1982,Melissa,F,25860,5,1527.6
US,1982,David,M,40445,5,2229.3
US,1982,Nicole,F,21703,6,1282.1
US,1982,James,M,38867,6,2142.4
US,1982,Stephanie,F,20858,7,1232.1
US,1982,Joshua,M,38024,7,2095.9
US,1982,Elizabeth,F,20509,8,1211.5
US,1982,John,M,34690,8,1912.1
US,1982,Crystal,F,19101,9,1128.4
US,1982,Robert,M,34413,9,1896.9
US,1982,Amy,F,18801,10,1110.6
US,1982,Daniel,M,32650,10,1799.7
US,1983,Jennifer,F,54336,1,3253.3
US,1983,Michael,M,67991,1,3794.2
US,1983,Jessica,F,45278,2,2711.0
US,1983,Christopher,M,59336,2,3311.2
US,1983,Amanda,F,33754,3,2021.0
US,1983,Matthew,M,50204,3,2801.6
US,1983,Ashley,F,33290,4,1993.2
US,1983,David,M,39192,4,2187.1
US,1983,Sarah,F,27229,5,1630.3
US,1983,Joshua,M,36703,5,2048.2
US,1983,Melissa,F,23473,6,1405.4
US,1983,James,M,36341,6,2028.0
US,1983,Nicole,F,22394,7,1340.8
US,1983,Jason,M,35106,7,1959.1
US,1983,Stephanie,F,22326,8,1336.8
US,1983,Daniel,M,34743,8,1938.8
US,1983,Heather,F,20750,9,1242.4
US,1983,John,M,33146,9,1849.7
US,1983,Elizabeth,F,19838,10,1187.8
US,1983,Robert,M,32743,10,1827.2
US,1984,Jennifer,F,50562,1,3004.1
US,1984,Michael,M,67731,1,3754.5
US,1984,Jessica,F,45851,2,2724.2
US,1984,Christopher,M,60017,2,3326.9
US,1984,Ashley,F,38759,3,2302.8
US,1984,Matthew,M,49764,3,2758.5
US,1984,Amanda,F,33906,4,2014.5
US,1984,Joshua,M,40251,4,2231.2
US,1984,Sarah,F,25875,5,1537.3
US,1984,David,M,38473,5,2132.7
US,1984,Stephanie,F,23019,6,1367.6
US,1984,Daniel,M,36515,6,2024.1
US,1984,Nicole,F,22264,7,1322.8
US,1984,James,M,35845,7,1987.0
US,1984,Melissa,F,21889,8,1300.5
US,1984,John,M,32599,8,1807.0
US,1984,Heather,F,21488,9,1276.7
US,1984,Robert,M,31757,9,1760.4
US,1984,Elizabeth,F,20362,10,1209.8
US,1984,Joseph,M,30507,10,1691.1
US,1985,Jessica,F,48343,1,2810.4
US,1985,Michael,M,64895,1,3513.1
US,1985,Ashley,F,47007,2,2732.7
US,1985,Christopher,M,59593,2,3226.1
US,1985,Jennifer,F,42649,3,2479.4
US,1985,Matthew,M,47060,3,2547.6
US,1985,Amanda,F,39050,4,2270.1
US,1985,Joshua,M,42187,4,2283.8
US,1985,Sarah,F,24877,5,1446.2
US,1985,Daniel,M,38530,5,2085.8
US,1985,Stephanie,F,23239,6,1351.0
US,1985,David,M,38506,6,2084.5
US,1985,Nicole,F,22963,7,1334.9
US,1985,James,M,35843,7,1940.4
US,1985,Heather,F,21149,8,1229.5
US,1985,Robert,M,32083,8,1736.8
US,1985,Elizabeth,F,20538,9,1194.0
US,1985,John,M,31491,9,1704.8
US,1985,Megan,F,20014,10,1163.5
US,1985,Joseph,M,30214,10,1635.6
US,1986,Jessica,F,52667,1,3071.3
US,1986,Michael,M,64188,1,3487.8
US,1986,Ashley,F,49674,2,2896.8
US,1986,Christopher,M,56677,2,3079.7
US,1986,Amanda,F,40522,3,2363.1
US,1986,Matthew,M,46911,3,2549.0
US,1986,Jennifer,F,36181,4,2109.9
US,1986,Joshua,M,37535,4,2039.6
US,1986,Sarah,F,28146,5,1641.4
US,1986,David,M,37136,5,2017.9
US,1986,Stephanie,F,22640,6,1320.3
US,1986,Daniel,M,36560,6,1986.6
US,1986,Nicole,F,21283,7,1241.1
US,1986,James,M,34029,7,1849.1
US,1986,Brittany,F,20311,8,1184.5
US,1986,Andrew,M,33853,8,1839.5
US,1986,Heather,F,19790,9,1154.1
US,1986,Robert,M,31333,9,1702.6
US,1986,Elizabeth,F,19067,10,1111.9
US,1986,John,M,30190,10,1640.5
US,1987,Jessica,F,55990,1,3221.6
US,1987,Michael,M,63638,1,3410.8
US,1987,Ashley,F,54845,2,3155.7
US,1987,Christopher,M,54476,2,2919.7
US,1987,Amanda,F,41786,3,2404.3
US,1987,Matthew,M,46473,3,2490.8
US,1987,Jennifer,F,32694,4,1881.1
US,1987,Joshua,M,39991,4,2143.4
US,1987,Sarah,F,27884,5,1604.4
US,1987,David,M,36776,5,1971.1
US,1987,Stephanie,F,22398,6,1288.7
US,1987,Andrew,M,36199,6,1940.1
US,1987,Brittany,F,22227,7,1278.9
US,1987,Daniel,M,35857,7,1921.8
US,1987,Nicole,F,20282,8,1167.0
US,1987,James,M,32631,8,1748.9
US,1987,Heather,F,18980,9,1092.1
US,1987,Justin,M,31491,9,1687.8
US,1987,Elizabeth,F,18602,10,1070.3
US,1987,Robert,M,30230,10,1620.2
US,1988,Jessica,F,51532,1,2895.1
US,1988,Michael,M,64117,1,3352.1
US,1988,Ashley,F,49963,2,2806.9
US,1988,Christopher,M,52980,2,2769.8
US,1988,Amanda,F,39451,3,2216.4
US,1988,Matthew,M,45868,3,2398.0
US,1988,Sarah,F,28358,4,1593.2
US,1988,Joshua,M,42645,4,2229.5
US,1988,Jennifer,F,27886,5,1566.7
US,1988,Andrew,M,35727,5,1867.8
US,1988,Brittany,F,26814,6,1506.4
US,1988,David,M,35305,6,1845.8
US,1988,Stephanie,F,22832,7,1282.7
US,1988,Justin,M,35035,7,1831.6
US,1988,Samantha,F,20697,8,1162.8
US,1988,Daniel,M,34685,8,1813.3
US,1988,Nicole,F,20311,9,1141.1
US,1988,James,M,32493,9,1698.7
US,1988,Elizabeth,F,20028,10,1125.2
US,1988,Robert,M,30309,10,1584.6
US,1989,Jessica,F,47885,1,2598.0
US,1989,Michael,M,65378,1,3268.8
US,1989,Ashley,F,47585,2,2581.7
US,1989,Christopher,M,53180,2,2658.9
US,1989,Brittany,F,37787,3,2050.1
US,1989,Matthew,M,45374,3,2268.6
US,1989,Amanda,F,36827,4,1998.0
US,1989,Joshua,M,44086,4,2204.2
US,1989,Sarah,F,27790,5,1507.7
US,1989,David,M,35210,5,1760.4
US,1989,Samantha,F,24790,6,1345.0
US,1989,Daniel,M,34992,6,1749.5
US,1989,Jennifer,F,23995,7,1301.8
US,1989,Andrew,M,34809,7,1740.4
US,1989,Stephanie,F,22768,8,1235.3
US,1989,Justin,M,32842,8,1642.0
US,1989,Lauren,F,21063,9,1142.8
US,1989,James,M,32695,9,1634.7
US,1989,Elizabeth,F,20293,10,1101.0
US,1989,Robert,M,30064,10,1503.1
US,1990,Jessica,F,46470,1,2448.6
US,1990,Michael,M,65275,1,3180.0
US,1990,Ashley,F,45553,2,2400.3
US,1990,Christopher,M,52331,2,2549.4
US,1990,Brittany,F,36534,3,1925.1
US,1990,Matthew,M,44794,3,2182.2
US,1990,Amanda,F,34405,4,1812.9
US,1990,Joshua,M,43216,4,2105.4
US,1990,Samantha,F,25865,5,1362.9
US,1990,Daniel,M,33809,5,1647.1
US,1990,Sarah,F,25810,6,1360.0
US,1990,David,M,33739,6,1643.7
US,1990,Stephanie,F,24859,7,1309.9
US,1990,Andrew,M,33653,7,1639.5
US,1990,Jennifer,F,22219,8,1170.8
US,1990,James,M,32344,8,1575.7
US,1990,Elizabeth,F,20742,9,1092.9
US,1990,Justin,M,30635,9,1492.5
US,1990,Lauren,F,20499,10,1080.1
US,1990,Joseph,M,30124,10,1467.6
US,1991,Ashley,F,43482,1,2319.7
US,1991,Michael,M,60783,1,3009.8
US,1991,Jessica,F,43394,2,2315.0
US,1991,Christopher,M,47096,2,2332.0
US,1991,Brittany,F,29090,3,1551.9
US,1991,Matthew,M,41632,3,2061.5
US,1991,Amanda,F,28887,4,1541.1
US,1991,Joshua,M,41216,4,2040.9
US,1991,Samantha,F,25645,5,1368.1
US,1991,Andrew,M,31525,5,1561.0
US,1991,Sarah,F,25228,6,1345.9
US,1991,Daniel,M,30913,6,1530.7
US,1991,Stephanie,F,22771,7,1214.8
US,1991,James,M,30502,7,1510.4
US,1991,Jennifer,F,20671,8,1102.8
US,1991,David,M,30415,8,1506.0
US,1991,Elizabeth,F,20390,9,1087.8
US,1991,Joseph,M,29836,9,1477.4
US,1991,Emily,F,20308,10,1083.4
US,1991,John,M,27798,10,1376.5
US,1992,Ashley,F,38452,1,2085.9
US,1992,Michael,M,54384,1,2724.0
US,1992,Jessica,F,38352,2,2080.5
US,1992,Christopher,M,42460,2,2126.7
US,1992,Amanda,F,25034,3,1358.0
US,1992,Matthew,M,37731,3,1889.9
US,1992,Brittany,F,24975,4,1354.8
US,1992,Joshua,M,36213,4,1813.8
US,1992,Sarah,F,24633,5,1336.3
US,1992,Andrew,M,30534,5,1529.4
US,1992,Samantha,F,24403,6,1323.8
US,1992,Brandon,M,29618,6,1483.5
US,1992,Emily,F,21831,7,1184.3
US,1992,Daniel,M,29144,7,1459.8
US,1992,Stephanie,F,19668,8,1067.0
US,1992,Tyler,M,28792,8,1442.1
US,1992,Elizabeth,F,19029,9,1032.3
US,1992,James,M,28502,9,1427.6
US,1992,Megan,F,17844,10,968.0
US,1992,David,M,28405,10,1422.7
US,1993,Jessica,F,34987,1,1934.6
US,1993,Michael,M,49551,1,2527.5
US,1993,Ashley,F,34847,2,1926.8
US,1993,Christopher,M,38229,2,1950.0
US,1993,Sarah,F,24248,3,1340.8
US,1993,Matthew,M,35769,3,1824.5
US,1993,Samantha,F,23666,4,1308.6
US,1993,Joshua,M,33575,4,1712.6
US,1993,Emily,F,23593,5,1304.6
US,1993,Tyler,M,29797,5,1519.9
US,1993,Brittany,F,21728,6,1201.4
US,1993,Brandon,M,28736,6,1465.8
US,1993,Taylor,F,21265,7,1175.8
US,1993,Daniel,M,28674,7,1462.6
US,1993,Amanda,F,20809,8,1150.6
US,1993,Nicholas,M,28108,8,1433.7
US,1993,Elizabeth,F,17555,9,970.7
US,1993,Jacob,M,27477,9,1401.5
US,1993,Stephanie,F,17183,10,950.1
US,1993,Andrew,M,27314,10,1393.2
US,1994,Jessica,F,32117,1,1799.1
US,1994,Michael,M,44462,1,2302.2
US,1994,Ashley,F,30278,2,1696.1
US,1994,Christopher,M,34797,2,1801.7
US,1994,Emily,F,24148,3,1352.7
US,1994,Matthew,M,33646,3,1742.1
US,1994,Samantha,F,22817,4,1278.1
US,1994,Joshua,M,31372,4,1624.4
US,1994,Sarah,F,22281,5,1248.1
US,1994,Tyler,M,30477,5,1578.0
US,1994,Taylor,F,20731,6,1161.3
US,1994,Brandon,M,29485,6,1526.7
US,1994,Brittany,F,18899,7,1058.7
US,1994,Jacob,M,29409,7,1522.7
US,1994,Amanda,F,18715,8,1048.4
US,1994,Daniel,M,28056,8,1452.7
US,1994,Elizabeth,F,16778,9,939.8
US,1994,Nicholas,M,27760,9,1437.4
US,1994,Megan,F,16578,10,928.6
US,1994,Andrew,M,26006,10,1346.5
US,1995,Jessica,F,27935,1,1589.0
US,1995,Michael,M,41404,1,2175.8
US,1995,Ashley,F,26603,2,1513.2
US,1995,Matthew,M,32874,2,1727.5
US,1995,Emily,F,24378,3,1386.7
US,1995,Christopher,M,32672,3,1716.9
US,1995,Samantha,F,21646,4,1231.3
US,1995,Jacob,M,31124,4,1635.5
US,1995,Sarah,F,21369,5,1215.5
US,1995,Joshua,M,30715,5,1614.1
US,1995,Taylor,F,20427,6,1161.9
US,1995,Nicholas,M,29156,6,1532.1
US,1995,Hannah,F,17012,7,967.7
US,1995,Tyler,M,29154,7,1532.0
US,1995,Brittany,F,16476,8,937.2
US,1995,Brandon,M,26903,8,1413.7
US,1995,Amanda,F,16345,9,929.7
US,1995,Daniel,M,26709,9,1403.5
US,1995,Elizabeth,F,16185,10,920.6
US,1995,Austin,M,25905,10,1361.3
US,1996,Emily,F,25150,1,1435.2
US,1996,Michael,M,38364,1,2026.0
US,1996,Jessica,F,24192,2,1380.5
US,1996,Matthew,M,32072,2,1693.8
US,1996,Ashley,F,23676,3,1351.1
US,1996,Jacob,M,31918,3,1685.6
US,1996,Sarah,F,21029,4,1200.0
US,1996,Christopher,M,30901,4,1631.9
US,1996,Samantha,F,20545,5,1172.4
US,1996,Joshua,M,29168,5,1540.4
US,1996,Taylor,F,19151,6,1092.9
US,1996,Nicholas,M,27718,6,1463.8
US,1996,Hannah,F,18594,7,1061.1
US,1996,Tyler,M,26954,7,1423.5
US,1996,Alexis,F,16588,8,946.6
US,1996,Brandon,M,25846,8,1365.0
US,1996,Rachel,F,16110,9,919.3
US,1996,Austin,M,25659,9,1355.1
US,1996,Elizabeth,F,15990,10,912.5
US,1996,Andrew,M,25231,10,1332.5
US,1997,Emily,F,25731,1,1478.8
US,1997,Michael,M,37545,1,1992.5
US,1997,Jessica,F,21043,2,1209.4
US,1997,Jacob,M,34145,2,1812.1
US,1997,Ashley,F,20895,3,1200.9
US,1997,Matthew,M,31512,3,1672.3
US,1997,Sarah,F,20694,4,1189.3
US,1997,Christopher,M,29101,4,1544.4
US,1997,Hannah,F,20588,5,1183.2
US,1997,Joshua,M,28282,5,1500.9
US,1997,Samantha,F,20169,6,1159.2
US,1997,Nicholas,M,27257,6,1446.5
US,1997,Taylor,F,19503,7,1120.9
US,1997,Brandon,M,25193,7,1337.0
US,1997,Alexis,F,17171,8,986.9
US,1997,Andrew,M,25191,8,1336.9
US,1997,Elizabeth,F,15415,9,885.9
US,1997,Austin,M,25117,9,1332.9
US,1997,Madison,F,15187,10,872.8
US,1997,Tyler,M,24877,10,1320.2
US,1998,Emily,F,26179,1,1482.3
US,1998,Michael,M,36615,1,1916.6
US,1998,Hannah,F,21374,2,1210.3
US,1998,Jacob,M,36007,2,1884.8
US,1998,Samantha,F,20192,3,1143.3
US,1998,Matthew,M,31138,3,1629.9
US,1998,Sarah,F,19873,4,1125.3
US,1998,Joshua,M,28086,4,1470.1
US,1998,Ashley,F,19871,5,1125.2
US,1998,Christopher,M,26999,5,1413.2
US,1998,Alexis,F,19778,6,1119.9
US,1998,Nicholas,M,26632,6,1394.0
US,1998,Taylor,F,18572,7,1051.6
US,1998,Brandon,M,23828,7,1247.3
US,1998,Jessica,F,18233,8,1032.4
US,1998,Tyler,M,23711,8,1241.1
US,1998,Madison,F,17785,9,1007.0
US,1998,Andrew,M,23648,9,1237.8
US,1998,Elizabeth,F,15179,10,859.5
US,1998,Austin,M,23477,10,1228.9
US,1999,Emily,F,26537,1,1496.9
US,1999,Jacob,M,35346,1,1841.9
US,1999,Hannah,F,21669,2,1222.3
US,1999,Michael,M,33906,2,1766.9
US,1999,Alexis,F,19232,3,1084.8
US,1999,Matthew,M,30417,3,1585.1
US,1999,Sarah,F,19088,4,1076.7
US,1999,Joshua,M,27254,4,1420.2
US,1999,Samantha,F,19034,5,1073.7
US,1999,Nicholas,M,25635,5,1335.9
US,1999,Ashley,F,18132,6,1022.8
US,1999,Christopher,M,25601,6,1334.1
US,1999,Madison,F,18052,7,1018.3
US,1999,Andrew,M,23850,7,1242.8
US,1999,Taylor,F,16905,8,953.6
US,1999,Joseph,M,23203,8,1209.1
US,1999,Jessica,F,16346,9,922.1
US,1999,Daniel,M,22674,9,1181.6
US,1999,Elizabeth,F,15332,10,864.9
US,1999,Tyler,M,22663,10,1181.0
US,2000,Emily,F,25953,1,1430.1
US,2000,Jacob,M,34467,1,1756.2
US,2000,Hannah,F,23075,2,1271.5
US,2000,Michael,M,32028,2,1632.0
US,2000,Madison,F,19967,3,1100.3
US,2000,Matthew,M,28572,3,1455.9
US,2000,Ashley,F,17997,4,991.7
US,2000,Joshua,M,27534,4,1403.0
US,2000,Sarah,F,17689,5,974.7
US,2000,Christopher,M,24928,5,1270.2
US,2000,Alexis,F,17627,6,971.3
US,2000,Nicholas,M,24650,6,1256.0
US,2000,Samantha,F,17264,7,951.3
US,2000,Andrew,M,23633,7,1204.2
US,2000,Jessica,F,15705,8,865.4
US,2000,Joseph,M,22820,8,1162.8
US,2000,Elizabeth,F,15089,9,831.5
US,2000,Daniel,M,22310,9,1136.8
US,2000,Taylor,F,15077,10,830.8
US,2000,Tyler,M,21501,10,1095.6
US,2001,Emily,F,25052,1,1392.4
US,2001,Jacob,M,32531,1,1675.6
US,2001,Madison,F,22158,2,1231.5
US,2001,Michael,M,29677,2,1528.6
US,2001,Hannah,F,20707,3,1150.9
US,2001,Matthew,M,26800,3,1380.4
US,2001,Ashley,F,16524,4,918.4
US,2001,Joshua,M,26009,4,1339.7
US,2001,Alexis,F,16396,5,911.3
US,2001,Christopher,M,23118,5,1190.8
US,2001,Sarah,F,15889,6,883.1
US,2001,Nicholas,M,22839,6,1176.4
US,2001,Samantha,F,15860,7,881.5
US,2001,Andrew,M,22405,7,1154.1
US,2001,Abigail,F,14803,8,822.8
US,2001,Joseph,M,21999,8,1133.2
US,2001,Elizabeth,F,14783,9,821.6
US,2001,Daniel,M,20972,9,1080.3
US,2001,Olivia,F,13975,10,776.7
US,2001,William,M,20099,10,1035.3
US,2002,Emily,F,24459,1,1362.3
US,2002,Jacob,M,30558,1,1575.2
US,2002,Madison,F,21772,2,1212.7
US,2002,Michael,M,28242,2,1455.8
US,2002,Hannah,F,18817,3,1048.1
US,2002,Joshua,M,25980,3,1339.2
US,2002,Emma,F,16531,4,920.8
US,2002,Matthew,M,25149,4,1296.4
US,2002,Alexis,F,15634,5,870.8
US,2002,Ethan,M,22105,5,1139.5
US,2002,Ashley,F,15339,6,854.4
US,2002,Andrew,M,22016,6,1134.9
US,2002,Abigail,F,15294,7,851.9
US,2002,Joseph,M,21889,7,1128.3
US,2002,Sarah,F,14752,8,821.7
US,2002,Christopher,M,21674,8,1117.2
US,2002,Samantha,F,14659,9,816.5
US,2002,Nicholas,M,21387,9,1102.5
US,2002,Olivia,F,14628,10,814.8
US,2002,Daniel,M,21305,10,1098.2
US,2003,Emily,F,25685,1,1407.0
US,2003,Jacob,M,29620,1,1500.8
US,2003,Emma,F,22701,2,1243.5
US,2003,Michael,M,27111,2,1373.7
US,2003,Madison,F,20197,3,1106.4
US,2003,Joshua,M,25087,3,1271.1
US,2003,Hannah,F,17628,4,965.6
US,2003,Matthew,M,23992,4,1215.6
US,2003,Olivia,F,16143,5,884.3
US,2003,Andrew,M,22146,5,1122.1
US,2003,Abigail,F,15918,6,872.0
US,2003,Ethan,M,21354,6,1082.0
US,2003,Alexis,F,14860,7,814.0
US,2003,Joseph,M,21352,7,1081.9
US,2003,Ashley,F,14512,8,795.0
US,2003,Daniel,M,21032,8,1065.7
US,2003,Elizabeth,F,14096,9,772.2
US,2003,Christopher,M,20741,9,1050.9
US,2003,Samantha,F,13865,10,759.5
US,2003,Anthony,M,20142,10,1020.6
US,2004,Emily,F,25028,1,1364.4
US,2004,Jacob,M,27873,1,1405.6
US,2004,Emma,F,21602,2,1177.6
US,2004,Michael,M,25444,2,1283.1
US,2004,Madison,F,20617,3,1123.9
US,2004,Joshua,M,24188,3,1219.8
US,2004,Olivia,F,16101,4,877.7
US,2004,Matthew,M,22869,4,1153.2
US,2004,Hannah,F,15601,5,850.5
US,2004,Ethan,M,22203,5,1119.7
US,2004,Abigail,F,15423,6,840.8
US,2004,Andrew,M,21697,6,1094.1
US,2004,Isabella,F,15015,7,818.5
US,2004,Daniel,M,20970,7,1057.5
US,2004,Ashley,F,14370,8,783.4
US,2004,William,M,20222,8,1019.8
US,2004,Samantha,F,13777,9,751.0
US,2004,Joseph,M,20117,9,1014.5
US,2004,Elizabeth,F,13555,10,738.9
US,2004,Christopher,M,19622,10,989.5
US,2005,Emily,F,23930,1,1296.6
US,2005,Jacob,M,25822,1,1294.3
US,2005,Emma,F,20335,2,1101.8
US,2005,Michael,M,23800,2,1192.9
US,2005,Madison,F,19562,3,1059.9
US,2005,Joshua,M,23242,3,1164.9
US,2005,Abigail,F,15747,4,853.2
US,2005,Matthew,M,21461,4,1075.7
US,2005,Olivia,F,15691,5,850.2
US,2005,Ethan,M,21307,5,1068.0
US,2005,Isabella,F,15174,6,822.2
US,2005,Andrew,M,20722,6,1038.6
US,2005,Hannah,F,14842,7,804.2
US,2005,Daniel,M,20203,7,1012.6
US,2005,Samantha,F,13633,8,738.7
US,2005,Anthony,M,19367,8,970.7
US,2005,Ava,F,13603,9,737.0
US,2005,Joseph,M,19199,9,962.3
US,2005,Ashley,F,13270,10,719.0
US,2005,Christopher,M,19159,10,960.3
US,2006,Emily,F,21393,1,1126.7
US,2006,Jacob,M,24832,1,1209.8
US,2006,Emma,F,19107,2,1006.3
US,2006,Michael,M,22628,2,1102.4
US,2006,Madison,F,18614,3,980.3
US,2006,Joshua,M,22308,3,1086.8
US,2006,Isabella,F,18218,4,959.5
US,2006,Ethan,M,20501,4,998.8
US,2006,Ava,F,16937,5,892.0
US,2006,Matthew,M,20321,5,990.0
US,2006,Abigail,F,15625,6,822.9
US,2006,Daniel,M,20051,6,976.8
US,2006,Olivia,F,15491,7,815.8
US,2006,Andrew,M,19707,7,960.1
US,2006,Hannah,F,14539,8,765.7
US,2006,Christopher,M,19668,8,958.2
US,2006,Sophia,F,13496,9,710.8
US,2006,Anthony,M,19395,9,944.9
US,2006,Samantha,F,12457,10,656.1
US,2006,William,M,18946,10,923.0
US,2007,Emily,F,19350,1,1007.9
US,2007,Jacob,M,24259,1,1170.5
US,2007,Isabella,F,19130,2,996.5
US,2007,Michael,M,21972,2,1060.2
US,2007,Emma,F,18365,3,956.6
US,2007,Ethan,M,21016,3,1014.0
US,2007,Ava,F,18045,4,940.0
US,2007,Joshua,M,20642,4,996.0
US,2007,Madison,F,17950,5,935.0
US,2007,Daniel,M,20239,5,976.5
US,2007,Sophia,F,17018,6,886.5
US,2007,Christopher,M,19999,6,965.0
US,2007,Olivia,F,16573,7,863.3
US,2007,Anthony,M,19614,7,946.4
US,2007,Abigail,F,15462,8,805.4
US,2007,William,M,18876,8,910.8
US,2007,Hannah,F,13296,9,692.6
US,2007,Matthew,M,18729,9,903.7
US,2007,Elizabeth,F,13037,10,679.1
US,2007,Andrew,M,18441,10,889.8
US,2008,Emma,F,18803,1,996.1
US,2008,Jacob,M,22574,1,1108.3
US,2008,Isabella,F,18607,2,985.7
US,2008,Michael,M,20601,2,1011.5
US,2008,Emily,F,17422,3,922.9
US,2008,Ethan,M,20198,3,991.7
US,2008,Olivia,F,17072,4,904.4
US,2008,Joshua,M,19188,4,942.1
US,2008,Ava,F,17030,5,902.2
US,2008,Daniel,M,18993,5,932.5
US,2008,Madison,F,17020,6,901.6
US,2008,Alexander,M,18685,6,917.4
US,2008,Sophia,F,16075,7,851.6
US,2008,William,M,18383,7,902.6
US,2008,Abigail,F,15073,8,798.5
US,2008,Anthony,M,18382,8,902.5
US,2008,Elizabeth,F,11990,9,635.2
US,2008,Christopher,M,17936,9,880.6
US,2008,Chloe,F,11818,10,626.1
US,2008,Matthew,M,17576,10,862.9
US,2009,Isabella,F,22283,1,1215.4
US,2009,Jacob,M,21154,1,1068.4
US,2009,Emma,F,17883,2,975.4
US,2009,Ethan,M,19836,2,1001.9
US,2009,Olivia,F,17425,3,950.4
US,2009,Michael,M,18917,3,955.5
US,2009,Sophia,F,16929,4,923.3
US,2009,Alexander,M,18217,4,920.1
US,2009,Ava,F,15863,5,865.2
US,2009,William,M,17905,5,904.3
US,2009,Emily,F,15340,6,836.7
US,2009,Joshua,M,17630,6,890.5
US,2009,Madison,F,15224,7,830.3
US,2009,Daniel,M,17527,7,885.2
US,2009,Abigail,F,14382,8,784.4
US,2009,Jayden,M,17270,8,872.3
US,2009,Chloe,F,11901,9,649.1
US,2009,Noah,M,17231,9,870.3
US,2009,Mia,F,11416,10,622.6
US,2009,Christopher,M,16339,10,825.2
US,2010,Isabella,F,22890,1,1290.7
US,2010,Jacob,M,22095,1,1154.0
US,2010,Sophia,F,20623,2,1162.9
US,2010,Ethan,M,17993,2,939.8
US,2010,Emma,F,17327,3,977.0
US,2010,Michael,M,17324,3,904.8
US,2010,Olivia,F,17017,4,959.5
US,2010,Jayden,M,17158,4,896.2
US,2010,Ava,F,15421,5,869.6
US,2010,William,M,17036,5,889.8
US,2010,Emily,F,14262,6,804.2
US,2010,Alexander,M,16746,6,874.6
US,2010,Abigail,F,14231,7,802.5
US,2010,Noah,M,16438,7,858.5
US,2010,Madison,F,13170,8,742.6
US,2010,Daniel,M,15819,8,826.2
US,2010,Chloe,F,11745,9,662.3
US,2010,Aiden,M,15520,9,810.6
US,2010,Mia,F,10628,10,599.3
US,2010,Anthony,M,15475,10,808.3
US,2011,Sophia,F,21824,1,1243.9
US,2011,Jacob,M,20349,1,1074.2
US,2011,Isabella,F,19882,2,1133.2
US,2011,Mason,M,19493,2,1029.1
US,2011,Emma,F,18781,3,1070.5
US,2011,William,M,17325,3,914.6
US,2011,Olivia,F,17305,4,986.4
US,2011,Jayden,M,16968,4,895.8
US,2011,Ava,F,15485,5,882.6
US,2011,Noah,M,16845,5,889.3
US,2011,Emily,F,14241,6,811.7
US,2011,Michael,M,16760,6,884.8
US,2011,Abigail,F,13237,7,754.5
US,2011,Ethan,M,16674,7,880.2
US,2011,Madison,F,12371,8,705.1
US,2011,Alexander,M,15688,8,828.2
US,2011,Mia,F,11520,9,656.6
US,2011,Aiden,M,15477,9,817.0
US,2011,Chloe,F,10977,10,625.7
US,2011,Daniel,M,15258,10,805.5
US,2012,Sophia,F,22279,1,1269.3
US,2012,Jacob,M,19045,1,1007.2
US,2012,Emma,F,20914,2,1191.5
US,2012,Mason,M,18953,2,1002.3
US,2012,Isabella,F,19082,3,1087.1
US,2012,Ethan,M,17644,3,933.1
US,2012,Olivia,F,17296,4,985.4
US,2012,Noah,M,17323,4,916.1
US,2012,Ava,F,15518,5,884.1
US,2012,William,M,16856,5,891.4
US,2012,Emily,F,13631,6,776.6
US,2012,Liam,M,16785,6,887.7
US,2012,Abigail,F,12679,7,722.3
US,2012,Michael,M,16124,7,852.7
US,2012,Mia,F,12004,8,683.9
US,2012,Jayden,M,16099,8,851.4
US,2012,Madison,F,11380,9,648.3
US,2012,Alexander,M,15219,9,804.9
US,2012,Elizabeth,F,9685,10,551.8
US,2012,Aiden,M,14873,10,786.6
US,2013,Sophia,F,21171,1,1211.5
US,2013,Noah,M,18206,1,966.4
US,2013,Emma,F,20905,2,1196.3
US,2013,Liam,M,18111,2,961.3
US,2013,Olivia,F,18397,3,1052.7
US,2013,Jacob,M,18110,3,961.3
US,2013,Isabella,F,17599,4,1007.1
US,2013,Mason,M,17668,4,937.8
US,2013,Ava,F,15225,5,871.2
US,2013,William,M,16595,5,880.9
US,2013,Mia,F,13127,6,751.2
US,2013,Ethan,M,16216,6,860.7
US,2013,Emily,F,13107,7,750.0
US,2013,Michael,M,15453,7,820.2
US,2013,Abigail,F,12387,8,708.8
US,2013,Alexander,M,14871,8,789.4
US,2013,Madison,F,10575,9,605.1
US,2013,Jayden,M,14729,9,781.8
US,2013,Elizabeth,F,9431,10,539.7
US,2013,Daniel,M,14251,10,756.4
US,2014,Emma,F,20886,1,1175.2
US,2014,Noah,M,19229,1,1006.3
US,2014,Olivia,F,19761,2,1111.9
US,2014,Liam,M,18421,2,964.0
US,2014,Sophia,F,18563,3,1044.5
US,2014,Mason,M,17157,3,897.9
US,2014,Isabella,F,17027,4,958.1
US,2014,Jacob,M,16812,4,879.8
US,2014,Ava,F,15660,5,881.1
US,2014,William,M,16776,5,877.9
US,2014,Mia,F,13484,6,758.7
US,2014,Ethan,M,15691,6,821.1
US,2014,Emily,F,12622,7,710.2
US,2014,Michael,M,15400,7,805.9
US,2014,Abigail,F,12049,8,678.0
US,2014,Alexander,M,15362,8,803.9
US,2014,Madison,F,10291,9,579.0
US,2014,James,M,14383,9,752.7
US,2014,Charlotte,F,10094,10,568.0
US,2014,Daniel,M,13887,10,726.7
US,2015,Emma,F,20355,1,1150.4
US,2015,Noah,M,19511,1,1027.5
US,2015,Olivia,F,19553,2,1105.1
US,2015,Liam,M,18281,2,962.7
US,2015,Sophia,F,17327,3,979.3
US,2015,Mason,M,16535,3,870.8
US,2015,Ava,F,16286,4,920.5
US,2015,Jacob,M,15816,4,832.9
US,2015,Isabella,F,15504,5,876.3
US,2015,William,M,15809,5,832.6
US,2015,Mia,F,14820,6,837.6
US,2015,Ethan,M,14991,6,789.5
US,2015,Abigail,F,12311,7,695.8
US,2015,James,M,14705,7,774.4
US,2015,Emily,F,11727,8,662.8
US,2015,Alexander,M,14460,8,761.5
US,2015,Charlotte,F,11332,9,640.5
US,2015,Michael,M,14321,9,754.2
US,2015,Harper,F,10241,10,578.8
US,2015,Benjamin,M,13608,10,716.6
